/*
Navicat MySQL Data Transfer

Source Server         : test
Source Server Version : 50724
Source Host           : localhost:3306
Source Database       : gescrepe

Target Server Type    : MYSQL
Target Server Version : 50724
File Encoding         : 65001

Date: 2019-10-03 17:42:52
*/

SET FOREIGN_KEY_CHECKS=0;

-- ----------------------------
-- Table structure for `decaissement`
-- ----------------------------
DROP TABLE IF EXISTS `decaissement`;
CREATE TABLE `decaissement` (
  `idDecaissement` int(11) NOT NULL AUTO_INCREMENT,
  `dateDecaissement` datetime DEFAULT NULL,
  `montantDecaisse` decimal(38,0) DEFAULT NULL,
  `idDemande` int(11) DEFAULT NULL,
  PRIMARY KEY (`idDecaissement`),
  KEY `FK_decaissement_idDemande` (`idDemande`),
  CONSTRAINT `FK_decaissement_idDemande` FOREIGN KEY (`idDemande`) REFERENCES `demande` (`idDemande`)
) ENGINE=InnoDB AUTO_INCREMENT=7 DEFAULT CHARSET=utf8;

-- ----------------------------
-- Records of decaissement
-- ----------------------------
INSERT INTO `decaissement` VALUES ('3', '2019-09-11 00:00:00', '5400000', '13');
INSERT INTO `decaissement` VALUES ('4', '2019-09-01 00:00:00', '1200000', '14');
INSERT INTO `decaissement` VALUES ('5', '2019-09-12 00:00:00', '4500000', '17');
INSERT INTO `decaissement` VALUES ('6', '2019-09-12 00:00:00', '5000000', '22');

-- ----------------------------
-- Table structure for `demande`
-- ----------------------------
DROP TABLE IF EXISTS `demande`;
CREATE TABLE `demande` (
  `idDemande` int(11) NOT NULL AUTO_INCREMENT,
  `appreciation` longtext,
  `commentaire` longtext,
  `dateDemande` datetime DEFAULT NULL,
  `decision` longtext,
  `montantCessible` decimal(38,2) DEFAULT NULL,
  `quotiteAtteinte` decimal(38,2) DEFAULT NULL,
  `quotiteCessible` decimal(38,2) DEFAULT NULL,
  `idGarantie` int(11) DEFAULT NULL,
  `idObjet` int(11) DEFAULT NULL,
  `matricule` int(11) DEFAULT NULL,
  PRIMARY KEY (`idDemande`),
  KEY `FK_demande_idGarantie` (`idGarantie`),
  KEY `FK_demande_matricule` (`matricule`),
  KEY `FK_demande_idObjet` (`idObjet`),
  CONSTRAINT `FK_demande_idGarantie` FOREIGN KEY (`idGarantie`) REFERENCES `garantie` (`idGarantie`),
  CONSTRAINT `FK_demande_idObjet` FOREIGN KEY (`idObjet`) REFERENCES `objet` (`idObjet`),
  CONSTRAINT `FK_demande_matricule` FOREIGN KEY (`matricule`) REFERENCES `employe` (`matricule`)
) ENGINE=InnoDB AUTO_INCREMENT=23 DEFAULT CHARSET=utf8;

-- ----------------------------
-- Records of demande
-- ----------------------------
INSERT INTO `demande` VALUES ('13', '', '', '2019-09-04 00:00:00', null, '5400000.00', '29.86', '8.57', '12', '6', '70833165');
INSERT INTO `demande` VALUES ('14', '', '', '2019-08-01 00:00:00', null, '1200000.00', '25.87', '8.89', '12', '2', '10804859');
INSERT INTO `demande` VALUES ('15', '', '', '2019-08-01 00:00:00', null, '1200000.00', '32.39', '6.67', '12', '4', '10512670');
INSERT INTO `demande` VALUES ('16', '', '', '2019-08-29 00:00:00', null, '5000000.00', '39.14', '11.11', '2', '5', '10512297');
INSERT INTO `demande` VALUES ('17', '', '', '2019-08-29 00:00:00', null, '4500000.00', '39.14', '25.00', '14', '4', '70819445');
INSERT INTO `demande` VALUES ('18', '', '', '2019-08-30 00:00:00', 'COMITE', '12000000.00', '69.05', '19.05', '2', '6', '10606177');
INSERT INTO `demande` VALUES ('19', '', '', '2019-08-23 00:00:00', null, '12000000.00', '19.05', '19.05', '2', '6', '10813606');
INSERT INTO `demande` VALUES ('20', '', '', '2019-08-12 00:00:00', 'COMITE', '10000000.00', '65.87', '15.87', '2', '6', '10804792');
INSERT INTO `demande` VALUES ('21', '', '', '2019-09-11 00:00:00', 'COMITE', '22000000.00', '98.89', '48.89', '14', '5', '10512408');
INSERT INTO `demande` VALUES ('22', '', '', '2019-09-12 00:00:00', null, '5000000.00', '31.53', '7.94', '2', '6', '10812908');

-- ----------------------------
-- Table structure for `droit`
-- ----------------------------
DROP TABLE IF EXISTS `droit`;
CREATE TABLE `droit` (
  `IDDROIT` int(11) NOT NULL AUTO_INCREMENT,
  `ACTIVE` varchar(255) DEFAULT NULL,
  `DROIT` varchar(255) DEFAULT NULL,
  `MENU_ITEM_ID` int(11) DEFAULT NULL,
  `PROFIL_ID` int(11) DEFAULT NULL,
  PRIMARY KEY (`IDDROIT`),
  KEY `FK_DROIT_MENU_ITEM_ID` (`MENU_ITEM_ID`),
  KEY `FK_DROIT_PROFIL_ID` (`PROFIL_ID`),
  CONSTRAINT `FK_DROIT_MENU_ITEM_ID` FOREIGN KEY (`MENU_ITEM_ID`) REFERENCES `sous_menu` (`MENU_ITEM_ID`),
  CONSTRAINT `FK_DROIT_PROFIL_ID` FOREIGN KEY (`PROFIL_ID`) REFERENCES `profil` (`PROFIL_ID`)
) ENGINE=InnoDB AUTO_INCREMENT=24 DEFAULT CHARSET=utf8;

-- ----------------------------
-- Records of droit
-- ----------------------------
INSERT INTO `droit` VALUES ('1', 'actif', null, '6', '1');
INSERT INTO `droit` VALUES ('2', 'actif', null, '7', '1');
INSERT INTO `droit` VALUES ('3', 'actif', null, '8', '1');
INSERT INTO `droit` VALUES ('4', 'actif', null, '9', '1');
INSERT INTO `droit` VALUES ('5', 'actif', null, '10', '1');
INSERT INTO `droit` VALUES ('6', 'actif', null, '11', '1');
INSERT INTO `droit` VALUES ('7', 'actif', null, '12', '1');
INSERT INTO `droit` VALUES ('8', 'actif', null, '13', '1');
INSERT INTO `droit` VALUES ('9', 'actif', null, '14', '1');
INSERT INTO `droit` VALUES ('10', 'actif', null, '1', '2');
INSERT INTO `droit` VALUES ('11', 'actif', null, '2', '2');
INSERT INTO `droit` VALUES ('12', 'actif', null, '3', '2');
INSERT INTO `droit` VALUES ('13', 'actif', null, '4', '2');
INSERT INTO `droit` VALUES ('14', 'actif', null, '5', '2');
INSERT INTO `droit` VALUES ('15', 'actif', null, '6', '2');
INSERT INTO `droit` VALUES ('16', 'actif', null, '7', '2');
INSERT INTO `droit` VALUES ('17', 'actif', null, '8', '2');
INSERT INTO `droit` VALUES ('18', 'actif', null, '9', '2');
INSERT INTO `droit` VALUES ('19', 'actif', null, '10', '2');
INSERT INTO `droit` VALUES ('20', 'actif', null, '11', '2');
INSERT INTO `droit` VALUES ('21', 'actif', null, '12', '2');
INSERT INTO `droit` VALUES ('22', 'actif', null, '13', '2');
INSERT INTO `droit` VALUES ('23', 'actif', null, '14', '2');

-- ----------------------------
-- Table structure for `employe`
-- ----------------------------
DROP TABLE IF EXISTS `employe`;
CREATE TABLE `employe` (
  `matricule` int(11) NOT NULL AUTO_INCREMENT,
  `dateEmb` datetime DEFAULT NULL,
  `dateExtraction` date DEFAULT NULL,
  `indice` int(11) DEFAULT NULL,
  `nom` longtext,
  `prenom` longtext,
  `salaire` decimal(38,0) DEFAULT NULL,
  `idPoste` int(11) DEFAULT NULL,
  `periode` date DEFAULT NULL,
  `numCompte` int(30) DEFAULT NULL,
  PRIMARY KEY (`matricule`),
  KEY `FK_employe_idPoste` (`idPoste`),
  CONSTRAINT `FK_employe_idPoste` FOREIGN KEY (`idPoste`) REFERENCES `poste` (`idPoste`)
) ENGINE=InnoDB AUTO_INCREMENT=70838947 DEFAULT CHARSET=utf8;

-- ----------------------------
-- Records of employe
-- ----------------------------
INSERT INTO `employe` VALUES ('10511433', '2019-09-04 00:00:00', '2019-08-31', '21567', 'BANIAB MOYEME', 'MOYEME', '750000', '4', null, null);
INSERT INTO `employe` VALUES ('10512297', '2019-09-04 00:00:00', '2019-08-31', '21567', 'HLOMASCHI AKUETE', 'AKUETE', '750000', '4', null, null);
INSERT INTO `employe` VALUES ('10512401', '2019-09-04 00:00:00', '2019-08-31', '21567', 'AYEKO OROUGBEGNON KOMI', 'KOMI', '750000', '4', null, null);
INSERT INTO `employe` VALUES ('10512408', '2019-09-04 00:00:00', '2019-08-31', '21567', 'AHUMA EPSE ADJINON AFIWA ATSUPUI', 'ATSUPUI', '750000', '4', null, null);
INSERT INTO `employe` VALUES ('10512670', '2019-09-04 00:00:00', '2019-08-31', '21567', 'DAMARLY DELLA ECKE', 'ECKE', '750000', '4', null, null);
INSERT INTO `employe` VALUES ('10512768', '2019-09-04 00:00:00', '2019-08-31', '21567', 'TATO MAYABE', 'MAYABE', '750000', '4', null, null);
INSERT INTO `employe` VALUES ('10512895', '2019-09-04 00:00:00', '2019-08-31', '21567', 'LAMBOTTE ARNAUD', 'ARNAUD', '750000', '4', null, null);
INSERT INTO `employe` VALUES ('10512952', '2019-09-04 00:00:00', '2019-08-31', '21567', 'ALI PIDAWOUYO', 'PIDAWOUYO', '750000', '4', null, null);
INSERT INTO `employe` VALUES ('10604515', '2019-09-04 00:00:00', '2019-08-31', '21567', 'AYIVOR AKOUA N\'ZI ANNICK', 'ANNICK', '750000', '2', null, null);
INSERT INTO `employe` VALUES ('10606177', '2019-09-04 00:00:00', '2019-08-31', '21567', 'CAPO-CHICHI MESSAN YAO GBEDONOU', 'GBEDONOU', '750000', '4', null, null);
INSERT INTO `employe` VALUES ('10701266', '2019-09-04 00:00:00', '2019-08-31', '21567', 'NAYO KODJO', 'KODJO', '750000', '4', null, null);
INSERT INTO `employe` VALUES ('10701508', '2019-09-04 00:00:00', '2019-08-31', '21567', 'KOUDAYA KODJO', 'KODJO', '750000', '4', null, null);
INSERT INTO `employe` VALUES ('10803854', '2019-09-04 00:00:00', '2019-08-31', '21567', 'AMETEPE KOUASSIVI', 'KOUASSIVI', '750000', '4', null, null);
INSERT INTO `employe` VALUES ('10804792', '2019-09-04 00:00:00', '2019-08-31', '21567', 'AZAN KOSSIWA LOLONYO SITSOFE', 'SITSOFE', '750000', '4', null, null);
INSERT INTO `employe` VALUES ('10804859', '2019-09-04 00:00:00', '2019-08-31', '21567', 'AGBODJAN EPSE KAVEGE COMBELE', 'COMBELE', '750000', '4', null, null);
INSERT INTO `employe` VALUES ('10805342', '2019-09-04 00:00:00', '2019-08-31', '21567', 'BRUCE AKOKO NYONUFIA', 'NYONUFIA', '750000', '4', null, null);
INSERT INTO `employe` VALUES ('10805468', '2019-09-04 00:00:00', '2019-08-31', '21567', 'AWESSO KOKOU', 'KOKOU', '750000', '4', null, null);
INSERT INTO `employe` VALUES ('10805996', '2019-09-04 00:00:00', '2019-08-31', '21567', 'TOGBOSSI ADODO', 'ADODO', '750000', '4', null, null);
INSERT INTO `employe` VALUES ('10806680', '2019-09-04 00:00:00', '2019-08-31', '21567', 'DOSSEH KOKO EKOM', 'EKOM', '750000', '4', null, null);
INSERT INTO `employe` VALUES ('10806681', '2019-09-04 00:00:00', '2019-08-31', '21567', 'DJOKOTO KOSSI MIWONOUGNUI', 'MIWONOUGNUI', '750000', '4', null, null);
INSERT INTO `employe` VALUES ('10807102', '2019-09-04 00:00:00', '2019-08-31', '21567', 'EDJEOU ESSIYEKOU', 'ESSIYEKOU', '750000', '4', null, null);
INSERT INTO `employe` VALUES ('10807899', '2019-09-04 00:00:00', '2019-08-31', '21567', 'TADJITI NADJOMBE', 'NADJOMBE', '750000', '4', null, null);
INSERT INTO `employe` VALUES ('10810233', '2019-09-04 00:00:00', '2019-08-31', '21567', 'AMEGNINOU LAKOUSS', 'LAKOUSS', '750000', '4', null, null);
INSERT INTO `employe` VALUES ('10810389', '2019-09-04 00:00:00', '2019-08-31', '21567', 'TCHEDRE KANDJA KOKOU', 'KOKOU', '750000', '4', null, null);
INSERT INTO `employe` VALUES ('10810598', '2019-09-04 00:00:00', '2019-08-31', '21567', 'MEYRSON KOUAMI LAURENT', 'LAURENT', '1000000', '4', null, null);
INSERT INTO `employe` VALUES ('10810884', '2019-09-04 00:00:00', '2019-08-31', '21567', 'AGBAKPEM AMAVI ENYONAM RACHELLE', 'RACHELLE', '750000', '4', null, null);
INSERT INTO `employe` VALUES ('10811079', '2019-09-04 00:00:00', '2019-08-31', '21567', 'PASS AYAWAVI', 'AYAWAVI', '750000', '4', null, null);
INSERT INTO `employe` VALUES ('10811102', '2019-09-04 00:00:00', '2019-08-31', '21567', 'KOSSIVI KOFFI AGUE', 'AGUE', '750000', '4', null, null);
INSERT INTO `employe` VALUES ('10811492', '2019-09-04 00:00:00', '2019-08-31', '21567', 'FIAGBE AKOU', 'AKOU', '750000', '4', null, null);
INSERT INTO `employe` VALUES ('10811921', '2019-09-04 00:00:00', '2019-08-31', '21567', 'DRAPO TCHAOU', 'TCHAOU', '750000', '4', null, null);
INSERT INTO `employe` VALUES ('10812908', '2019-09-04 00:00:00', '2019-08-31', '21567', 'GAITO MAHOUGNON AMENONGNON', 'AMENONGNON', '750000', '4', null, null);
INSERT INTO `employe` VALUES ('10813033', '2019-09-04 00:00:00', '2019-08-31', '21567', 'ATCHOLI BETEMA', 'BETEMA', '750000', '4', null, null);
INSERT INTO `employe` VALUES ('10813605', '2019-09-04 00:00:00', '2019-08-31', '21567', 'BAKAI ALABI-DJARE', 'ALABI-DJARE', '750000', '4', null, null);
INSERT INTO `employe` VALUES ('10813606', '2019-09-04 00:00:00', '2019-08-31', '21567', 'GONCALVES ABRA REQUIA', 'REQUIA', '750000', '4', null, null);
INSERT INTO `employe` VALUES ('10814009', '2019-09-04 00:00:00', '2019-08-31', '21567', 'ADODJISSIH EPSE LAWSON KOKOVI KAFUATA', 'KAFUATA', '750000', '3', null, null);
INSERT INTO `employe` VALUES ('10814097', '2019-09-04 00:00:00', '2019-08-31', '21567', 'ASSOGBA AMETEPE', 'AMETEPE', '750000', '4', null, null);
INSERT INTO `employe` VALUES ('10814098', '2019-09-04 00:00:00', '2019-08-31', '21567', 'AGUNYO KOMLA', 'KOMLA', '750000', '4', null, null);
INSERT INTO `employe` VALUES ('10814099', '2019-09-04 00:00:00', '2019-08-31', '21567', 'MALOU HODABALO', 'HODABALO', '750000', '4', null, null);
INSERT INTO `employe` VALUES ('10814167', '2019-09-04 00:00:00', '2019-08-31', '21567', 'ATCHA FAROUKOU', 'FAROUKOU', '750000', '4', null, null);
INSERT INTO `employe` VALUES ('10814173', '2019-09-04 00:00:00', '2019-08-31', '21567', 'AGBEBE AFIAVI', 'AFIAVI', '750000', '4', null, null);
INSERT INTO `employe` VALUES ('10814174', '2019-09-04 00:00:00', '2019-08-31', '21567', 'AGBO EPSE FIAWOO KOKOE MAWUSE CECILE', 'CECILE', '750000', '4', null, null);
INSERT INTO `employe` VALUES ('10814175', '2019-09-04 00:00:00', '2019-08-31', '21567', 'LEABINE EPSE KOMBATE MENGUENAM', 'MENGUENAM', '750000', '4', null, null);
INSERT INTO `employe` VALUES ('10814667', '2019-09-04 00:00:00', '2019-08-31', '21567', 'AMEGADJE MAWUKO KOMLA', 'KOMLA', '750000', '4', null, null);
INSERT INTO `employe` VALUES ('10814966', '2019-09-04 00:00:00', '2019-08-31', '21567', 'BOUKPESSI PINOUWE', 'PINOUWE', '750000', '4', null, null);
INSERT INTO `employe` VALUES ('10814968', '2019-09-04 00:00:00', '2019-08-31', '21567', 'RAMANOU ADETAYO', 'ADETAYO', '750000', '4', null, null);
INSERT INTO `employe` VALUES ('10814974', '2019-09-04 00:00:00', '2019-08-31', '21567', 'KOMBATE NEE ADJAMBA AYOKO', 'AYOKO', '750000', '4', null, null);
INSERT INTO `employe` VALUES ('10815414', '2019-09-04 00:00:00', '2019-08-31', '21567', 'JOHNSON BENNIWA DELALI', 'DELALI', '750000', '4', null, null);
INSERT INTO `employe` VALUES ('10815742', '2019-09-04 00:00:00', '2019-08-31', '21567', 'KOKONE KOLANI', 'KOLANI', '750000', '4', null, null);
INSERT INTO `employe` VALUES ('10815785', '2019-09-04 00:00:00', '2019-08-31', '21567', 'AHO NEE TOGBETSE KYRIA AFI MANA', 'MANA', '750000', '4', null, null);
INSERT INTO `employe` VALUES ('10815830', '2019-09-04 00:00:00', '2019-08-31', '21567', 'LAWSON SIBI AKPENAMAWU', 'AKPENAMAWU', '750000', '4', null, null);
INSERT INTO `employe` VALUES ('10815862', '2019-09-04 00:00:00', '2019-08-31', '21567', 'GBADAGO NEE D\'ALMEIDA ADAKU GAZOZO', 'GAZOZO', '750000', '4', null, null);
INSERT INTO `employe` VALUES ('10815890', '2019-09-04 00:00:00', '2019-08-31', '21567', 'MATHEY MAMAVI', 'MAMAVI', '750000', '4', null, null);
INSERT INTO `employe` VALUES ('10816134', '2019-09-04 00:00:00', '2019-08-31', '21567', 'TEKOE NEE KINDOYOE ODETTE', 'ODETTE', '750000', '4', null, null);
INSERT INTO `employe` VALUES ('10816194', '2019-09-04 00:00:00', '2019-08-31', '21567', 'BAMALI TCHILALO PODOKINILON', 'PODOKINILON', '750000', '4', null, null);
INSERT INTO `employe` VALUES ('10816433', '2019-09-04 00:00:00', '2019-08-31', '21567', 'GBLOKPO KOFFI SENYO', 'SENYO', '750000', '4', null, null);
INSERT INTO `employe` VALUES ('10816743', '2019-09-04 00:00:00', '2019-08-31', '21567', 'SITTI AKPE AKOULE MAWUBEDJRO', 'MAWUBEDJRO', '750000', '4', null, null);
INSERT INTO `employe` VALUES ('10817054', '2019-09-04 00:00:00', '2019-08-31', '21567', 'KOUAMI-AMOU ATSOU DZIDZINYO', 'DZIDZINYO', '750000', '4', null, null);
INSERT INTO `employe` VALUES ('10817278', '2019-09-04 00:00:00', '2019-08-31', '21567', 'LAWSON TEVI HELU ATOH', 'ATOH', '750000', '4', null, null);
INSERT INTO `employe` VALUES ('10817279', '2019-09-04 00:00:00', '2019-08-31', '21567', 'AGBA BOSSA', 'BOSSA', '750000', '4', null, null);
INSERT INTO `employe` VALUES ('10817280', '2019-09-04 00:00:00', '2019-08-31', '21567', 'AWOKOU-OBOBIH KOKO SEYO', 'SEYO', '750000', '4', null, null);
INSERT INTO `employe` VALUES ('10817405', '2019-09-04 00:00:00', '2019-08-31', '21567', 'DEDRY AMELE', 'AMELE', '750000', '4', null, null);
INSERT INTO `employe` VALUES ('10817424', '2019-09-04 00:00:00', '2019-08-31', '21567', 'ATCHOLI MASSAMAESSO', 'MASSAMAESSO', '750000', '4', null, null);
INSERT INTO `employe` VALUES ('10817849', '2019-09-04 00:00:00', '2019-08-31', '21567', 'GAKE ENYONAM ESSI', 'ESSI', '750000', '4', null, null);
INSERT INTO `employe` VALUES ('10817851', '2019-09-04 00:00:00', '2019-08-31', '21567', 'AB0TCHI KOMI', 'KOMI', '750000', '4', null, null);
INSERT INTO `employe` VALUES ('10817854', '2019-09-04 00:00:00', '2019-08-31', '21567', 'AMAVI AMOKO D. EPSE MENSAH', 'MENSAH', '750000', '4', null, null);
INSERT INTO `employe` VALUES ('10818374', '2019-09-04 00:00:00', '2019-08-31', '21567', 'HIABUADE ABLAVI', 'ABLAVI', '750000', '4', null, null);
INSERT INTO `employe` VALUES ('70814435', '2019-09-04 00:00:00', '2019-08-31', '21567', 'AHORLOO ADJO BETI', 'BETI', '750000', '4', null, null);
INSERT INTO `employe` VALUES ('70814762', '2019-09-04 00:00:00', '2019-08-31', '21567', 'AHOTO CHRISTELLE ABRA', 'ABRA', '750000', '4', null, null);
INSERT INTO `employe` VALUES ('70814764', '2019-09-04 00:00:00', '2019-08-31', '21567', 'KAROUGBE KPATCHA MIYA', 'MIYA', '750000', '4', null, null);
INSERT INTO `employe` VALUES ('70814766', '2019-09-04 00:00:00', '2019-08-31', '21567', 'AMAO EPSE FUSESE OLOUWATOGNI MADINATOU', 'MADINATOU', '750000', '4', null, null);
INSERT INTO `employe` VALUES ('70814971', '2019-09-04 00:00:00', '2019-08-31', '21567', 'VIGNIKIN NEHOUE MAWUSSI', 'MAWUSSI', '750000', '4', null, null);
INSERT INTO `employe` VALUES ('70814974', '2019-09-04 00:00:00', '2019-08-31', '21567', 'KLU AKOU DELALI', 'DELALI', '750000', '4', null, null);
INSERT INTO `employe` VALUES ('70817695', '2019-09-04 00:00:00', '2019-08-31', '21567', 'AMOUZOU KOSSIWAVI', 'KOSSIWAVI', '1000000', '4', null, null);
INSERT INTO `employe` VALUES ('70817852', '2019-09-04 00:00:00', '2019-08-31', '21567', 'AHIEKPOR ENYONAM', 'ENYONAM', '750000', '4', null, null);
INSERT INTO `employe` VALUES ('70817892', '2019-09-04 00:00:00', '2019-08-31', '21567', 'AGBOVI KWAMI TIAM MAWUNYA', 'MAWUNYA', '750000', '4', null, null);
INSERT INTO `employe` VALUES ('70818272', '2019-09-04 00:00:00', '2019-08-31', '21567', 'SOHOU N\'GANI ABASSI BADAWING SONDOU', 'SONDOU', '750000', '4', null, null);
INSERT INTO `employe` VALUES ('70818558', '2019-09-04 00:00:00', '2019-08-31', '21567', 'KPADJEBA TIGADOMA', 'TIGADOMA', '750000', '4', null, null);
INSERT INTO `employe` VALUES ('70818942', '2019-09-04 00:00:00', '2019-08-31', '21567', 'KLOUSSEH AFENOU', 'AFENOU', '750000', '4', null, null);
INSERT INTO `employe` VALUES ('70819445', '2019-09-04 00:00:00', '2019-08-31', '21567', 'BLEDJE FO-KOFI', 'FO-KOFI', '750000', '4', null, null);
INSERT INTO `employe` VALUES ('70819450', '2019-09-04 00:00:00', '2019-08-31', '21567', 'EPHOEVI-GA KANKOUE AHADJI', 'AHADJI', '750000', '4', null, null);
INSERT INTO `employe` VALUES ('70819452', '2019-09-04 00:00:00', '2019-08-31', '21567', 'SEGBEAYA AFI MASSOGBLE', 'MASSOGBLE', '750000', '4', null, null);
INSERT INTO `employe` VALUES ('70819641', '2019-09-04 00:00:00', '2019-08-31', '21567', 'MATROKOU COMLAN KOUEVI', 'KOUEVI', '750000', '4', null, null);
INSERT INTO `employe` VALUES ('70819643', '2019-09-04 00:00:00', '2019-08-31', '21567', 'ZIGAN KOMI ELI', 'ELI', '750000', '4', null, null);
INSERT INTO `employe` VALUES ('70820131', '2019-09-04 00:00:00', '2019-08-31', '21567', 'KINI POVI', 'POVI', '750000', '4', null, null);
INSERT INTO `employe` VALUES ('70820149', '2019-09-04 00:00:00', '2019-08-31', '21567', 'BITHO EPSE ATCHOLI MANZIN', 'MANZIN', '750000', '4', null, null);
INSERT INTO `employe` VALUES ('70820209', '2019-09-04 00:00:00', '2019-08-31', '21567', 'KPETIGO KOMLAN BAWA', 'BAWA', '750000', '4', null, null);
INSERT INTO `employe` VALUES ('70820236', '2019-09-04 00:00:00', '2019-08-31', '21567', 'TAMAKLOE EDJOE ADJO EDEM', 'EDEM', '750000', '4', null, null);
INSERT INTO `employe` VALUES ('70820238', '2019-09-04 00:00:00', '2019-08-31', '21567', 'HOMEKOU YAWO MIDOSSOKPO', 'MIDOSSOKPO', '750000', '4', null, null);
INSERT INTO `employe` VALUES ('70820239', '2019-09-04 00:00:00', '2019-08-31', '21567', 'WOWUI KOSSI ANANI AGBEDEFU', 'AGBEDEFU', '750000', '4', null, null);
INSERT INTO `employe` VALUES ('70820246', '2019-09-04 00:00:00', '2019-08-31', '21567', 'KODZOVI-DEFOR ADJEVI LOÏC', 'LOÏC', '750000', '4', null, null);
INSERT INTO `employe` VALUES ('70820263', '2019-09-04 00:00:00', '2019-08-31', '21567', 'AKLAMA KAYISA AKOUAVI EPSE AGBEKPONOU', 'AGBEKPONOU', '750000', '4', null, null);
INSERT INTO `employe` VALUES ('70820266', '2019-09-04 00:00:00', '2019-08-31', '21567', 'FUMEY AKO EMILE', 'EMILE', '750000', '4', null, null);
INSERT INTO `employe` VALUES ('70820390', '2019-09-04 00:00:00', '2019-08-31', '21567', 'AGBAN SOUKA AMA', 'AMA', '750000', '4', null, null);
INSERT INTO `employe` VALUES ('70820793', '2019-09-04 00:00:00', '2019-08-31', '21567', 'WOGLO MAWUSSE YAOVI', 'YAOVI', '750000', '4', null, null);
INSERT INTO `employe` VALUES ('70820794', '2019-09-04 00:00:00', '2019-08-31', '21567', 'MAKAMAZI EPSE EDEOU KPENDALOU', 'KPENDALOU', '750000', '4', null, null);
INSERT INTO `employe` VALUES ('70820795', '2019-09-04 00:00:00', '2019-08-31', '21567', 'GNAKADE AFOUA', 'AFOUA', '750000', '4', null, null);
INSERT INTO `employe` VALUES ('70820917', '2019-09-04 00:00:00', '2019-08-31', '21567', 'KOUSSOUGBO ABRAVI EPSE BANKA', 'BANKA', '750000', '4', null, null);
INSERT INTO `employe` VALUES ('70820958', '2019-09-04 00:00:00', '2019-08-31', '21567', 'KOFFI DELALI DODJI', 'DODJI', '750000', '4', null, null);
INSERT INTO `employe` VALUES ('70820976', '2019-09-04 00:00:00', '2019-08-31', '21567', 'AYITE ESSIVI TSOEKEWO', 'TSOEKEWO', '750000', '4', null, null);
INSERT INTO `employe` VALUES ('70820977', '2019-09-04 00:00:00', '2019-08-31', '21567', 'ADOMEY KOMLA ANANI DZIWONOU', 'DZIWONOU', '750000', '4', null, null);
INSERT INTO `employe` VALUES ('70821069', '2019-09-04 00:00:00', '2019-08-31', '21567', 'BIDJAKARE ESSODINA', 'ESSODINA', '750000', '4', null, null);
INSERT INTO `employe` VALUES ('70821080', '2019-09-04 00:00:00', '2019-08-31', '21567', 'ATSON KWAKU EDOH', 'EDOH', '750000', '4', null, null);
INSERT INTO `employe` VALUES ('70821081', '2019-09-04 00:00:00', '2019-08-31', '21567', 'AKPEKO YAWO', 'YAWO', '750000', '4', null, null);
INSERT INTO `employe` VALUES ('70821260', '2019-09-04 00:00:00', '2019-08-31', '21567', 'AKAKPO AYABA', 'AYABA', '750000', '4', null, null);
INSERT INTO `employe` VALUES ('70821276', '2019-09-04 00:00:00', '2019-08-31', '21567', 'KATANE AMINE', 'AMINE', '750000', '4', null, null);
INSERT INTO `employe` VALUES ('70821393', '2019-09-04 00:00:00', '2019-08-31', '21567', 'AKUE-LOGOSSOU KALLEY', 'KALLEY', '750000', '4', null, null);
INSERT INTO `employe` VALUES ('70821597', '2019-09-04 00:00:00', '2019-08-31', '21567', 'HOUNDJO MABLE', 'MABLE', '750000', '4', null, null);
INSERT INTO `employe` VALUES ('70821883', '2019-09-04 00:00:00', '2019-08-31', '21567', 'AKESSOUE ESSOSSIMNA', 'ESSOSSIMNA', '750000', '4', null, null);
INSERT INTO `employe` VALUES ('70821885', '2019-09-04 00:00:00', '2019-08-31', '21567', 'KALIWA BANINA', 'BANINA', '750000', '4', null, null);
INSERT INTO `employe` VALUES ('70821912', '2019-09-04 00:00:00', '2019-08-31', '21567', 'ETSE YAWO EKLO', 'EKLO', '750000', '4', null, null);
INSERT INTO `employe` VALUES ('70822040', '2019-09-04 00:00:00', '2019-08-31', '21567', 'YOVO EPSE DJOKEH WOTCHA', 'WOTCHA', '750000', '4', null, null);
INSERT INTO `employe` VALUES ('70822107', '2019-09-04 00:00:00', '2019-08-31', '21567', 'ATOKO AYAOVI AMEMAKA', 'AMEMAKA', '750000', '4', null, null);
INSERT INTO `employe` VALUES ('70822109', '2019-09-04 00:00:00', '2019-08-31', '21567', 'SILVESTRE KOSSIWA', 'KOSSIWA', '750000', '4', null, null);
INSERT INTO `employe` VALUES ('70822142', '2019-09-04 00:00:00', '2019-08-31', '21567', 'NOUMEDOR KOKOUVI ENYONAM', 'ENYONAM', '750000', '4', null, null);
INSERT INTO `employe` VALUES ('70822149', '2019-09-04 00:00:00', '2019-08-31', '21567', 'NOGBEDJI ABRA DOGBEDA', 'DOGBEDA', '750000', '4', null, null);
INSERT INTO `employe` VALUES ('70822181', '2019-09-04 00:00:00', '2019-08-31', '21567', 'GNAKADE ESSOSSIMNA', 'ESSOSSIMNA', '750000', '4', null, null);
INSERT INTO `employe` VALUES ('70822343', '2019-09-04 00:00:00', '2019-08-31', '21567', 'TAHOULAN ASSIBA AMEYO', 'AMEYO', '750000', '4', null, null);
INSERT INTO `employe` VALUES ('70822346', '2019-09-04 00:00:00', '2019-08-31', '21567', 'GBETE KOSSI', 'KOSSI', '750000', '4', null, null);
INSERT INTO `employe` VALUES ('70822348', '2019-09-04 00:00:00', '2019-08-31', '21567', 'AKAKPO AFI ENYONAM EPSE OGUNMOLA', 'OGUNMOLA', '750000', '4', null, null);
INSERT INTO `employe` VALUES ('70822474', '2019-09-04 00:00:00', '2019-08-31', '21567', 'BABALOLA OLLAIDAY HAFILATH', 'HAFILATH', '750000', '4', null, null);
INSERT INTO `employe` VALUES ('70822853', '2019-09-04 00:00:00', '2019-08-31', '21567', 'FREITAS MODESTE N. K.', 'K.', '750000', '4', null, null);
INSERT INTO `employe` VALUES ('70822950', '2019-09-04 00:00:00', '2019-08-31', '21567', 'GOGUE SANEMAN', 'SANEMAN', '750000', '2', null, null);
INSERT INTO `employe` VALUES ('70823062', '2019-09-04 00:00:00', '2019-08-31', '21567', 'KUMAPLEY EPSE DJOMATIN ESSI TINA', 'TINA', '750000', '4', null, null);
INSERT INTO `employe` VALUES ('70823063', '2019-09-04 00:00:00', '2019-08-31', '21567', 'ABASSEM ESSOWE L. C.', 'C.', '750000', '2', null, null);
INSERT INTO `employe` VALUES ('70823065', '2019-09-04 00:00:00', '2019-08-31', '21567', 'TCHALLA ANKU EDI KPAPOU HILAIRE', 'HILAIRE', '750000', '4', null, null);
INSERT INTO `employe` VALUES ('70823066', '2019-09-04 00:00:00', '2019-08-31', '21567', 'NABEDE ESSODIZAM', 'ESSODIZAM', '750000', '4', null, null);
INSERT INTO `employe` VALUES ('70823544', '2019-09-04 00:00:00', '2019-08-31', '21567', 'KAMBRE KPATCHA EYASSIMAM', 'EYASSIMAM', '750000', '4', null, null);
INSERT INTO `employe` VALUES ('70823593', '2019-09-04 00:00:00', '2019-08-31', '21567', 'MOUKPE TCHAA BALAKYEM', 'BALAKYEM', '750000', '4', null, null);
INSERT INTO `employe` VALUES ('70824175', '2019-09-04 00:00:00', '2019-08-31', '21567', 'BOYODI ABIDE ESSOSOLIM', 'ESSOSOLIM', '750000', '4', null, null);
INSERT INTO `employe` VALUES ('70824357', '2019-09-04 00:00:00', '2019-08-31', '21567', 'TOUZAN AFI MAWUENA EPSE EKUHOHO', 'EKUHOHO', '750000', '4', null, null);
INSERT INTO `employe` VALUES ('70824358', '2019-09-04 00:00:00', '2019-08-31', '21567', 'TOKPONOU ABLAVI AKPENE', 'AKPENE', '750000', '4', null, null);
INSERT INTO `employe` VALUES ('70824727', '2019-09-04 00:00:00', '2019-08-31', '21567', 'TOULASSI SESSI MAWULAWOE', 'MAWULAWOE', '750000', '4', null, null);
INSERT INTO `employe` VALUES ('70824728', '2019-09-04 00:00:00', '2019-08-31', '21567', 'ADJALO KODJOVI DJIMEDO', 'DJIMEDO', '750000', '4', null, null);
INSERT INTO `employe` VALUES ('70824729', '2019-09-04 00:00:00', '2019-08-31', '21567', 'PITO AKLESSO', 'AKLESSO', '750000', '4', null, null);
INSERT INTO `employe` VALUES ('70824892', '2019-09-04 00:00:00', '2019-08-31', '21567', 'KOSSI NESSIFA YAWA', 'YAWA', '750000', '4', null, null);
INSERT INTO `employe` VALUES ('70824893', '2019-09-04 00:00:00', '2019-08-31', '21567', 'KOZON AYEKENAM', 'AYEKENAM', '750000', '4', null, null);
INSERT INTO `employe` VALUES ('70824894', '2019-09-04 00:00:00', '2019-08-31', '21567', 'AKASSA MAYEKINAWE', 'MAYEKINAWE', '750000', '4', null, null);
INSERT INTO `employe` VALUES ('70824895', '2019-09-04 00:00:00', '2019-08-31', '21567', 'SOUKOU HOWANDE', 'HOWANDE', '750000', '4', null, null);
INSERT INTO `employe` VALUES ('70825006', '2019-09-04 00:00:00', '2019-08-31', '21567', 'DOSSOU AYAWAVI PRISCA EP.SETEKPO', 'EP.SETEKPO', '750000', '4', null, null);
INSERT INTO `employe` VALUES ('70825335', '2019-09-04 00:00:00', '2019-08-31', '21567', 'JOHNSON-ZIGBE DEGNOUAMBA', 'DEGNOUAMBA', '750000', '4', null, null);
INSERT INTO `employe` VALUES ('70825398', '2019-09-04 00:00:00', '2019-08-31', '21567', 'ADOM MANIBE-SOUWE', 'MANIBE-SOUWE', '750000', '4', null, null);
INSERT INTO `employe` VALUES ('70825689', '2019-09-04 00:00:00', '2019-08-31', '21567', 'KOULEOSSI EKUE-EDEM', 'EKUE-EDEM', '750000', '4', null, null);
INSERT INTO `employe` VALUES ('70826243', '2019-09-04 00:00:00', '2019-08-31', '21567', 'BADJALIMBE PITAKANI', 'PITAKANI', '750000', '4', null, null);
INSERT INTO `employe` VALUES ('70826245', '2019-09-04 00:00:00', '2019-08-31', '21567', 'AGLAGO KOMLA', 'KOMLA', '750000', '4', null, null);
INSERT INTO `employe` VALUES ('70826263', '2019-09-04 00:00:00', '2019-08-31', '21567', 'BIRREGAH ATA', 'ATA', '1000000', '4', null, null);
INSERT INTO `employe` VALUES ('70826659', '2019-09-04 00:00:00', '2019-08-31', '21567', 'AMEVOH FOLLY KODJO SEYRAM', 'SEYRAM', '750000', '4', null, null);
INSERT INTO `employe` VALUES ('70826660', '2019-09-04 00:00:00', '2019-08-31', '21567', 'KOSSI-AWOUDI KOMLA DZOGBENYA', 'DZOGBENYA', '750000', '4', null, null);
INSERT INTO `employe` VALUES ('70826662', '2019-09-04 00:00:00', '2019-08-31', '21567', 'NOUMONVI KOMI', 'KOMI', '750000', '4', null, null);
INSERT INTO `employe` VALUES ('70826663', '2019-09-04 00:00:00', '2019-08-31', '21567', 'GUNN ANOUMOU', 'ANOUMOU', '750000', '4', null, null);
INSERT INTO `employe` VALUES ('70826664', '2019-09-04 00:00:00', '2019-08-31', '21567', 'LAOTAKO KPABEBA', 'KPABEBA', '750000', '4', null, null);
INSERT INTO `employe` VALUES ('70826666', '2019-09-04 00:00:00', '2019-08-31', '21567', 'APEMAGNON YAWO MAWUSENAM', 'MAWUSENAM', '750000', '4', null, null);
INSERT INTO `employe` VALUES ('70826781', '2019-09-04 00:00:00', '2019-08-31', '21567', 'KODJO JEAN-FRANÇOIS M', 'M', '750000', '4', null, null);
INSERT INTO `employe` VALUES ('70826782', '2019-09-04 00:00:00', '2019-08-31', '21567', 'FETEKE HAFIZ', 'HAFIZ', '750000', '4', null, null);
INSERT INTO `employe` VALUES ('70827024', '2019-09-04 00:00:00', '2019-08-31', '21567', 'AGBAVON YAO SASSOU', 'SASSOU', '750000', '4', null, null);
INSERT INTO `employe` VALUES ('70827026', '2019-09-04 00:00:00', '2019-08-31', '21567', 'BAKAYOKO FATOUMATA MABANA', 'MABANA', '750000', '4', null, null);
INSERT INTO `employe` VALUES ('70827123', '2019-09-04 00:00:00', '2019-08-31', '21567', 'KPETEMEY KOFFI MIHEAYE', 'MIHEAYE', '750000', '1', null, null);
INSERT INTO `employe` VALUES ('70827598', '2019-09-04 00:00:00', '2019-08-31', '21567', 'VIGNIZOUM MESSAN AGBELENKO', 'AGBELENKO', '750000', '4', null, null);
INSERT INTO `employe` VALUES ('70828139', '2019-09-04 00:00:00', '2019-08-31', '21567', 'ANAKPA HEZOUWE', 'HEZOUWE', '750000', '4', null, null);
INSERT INTO `employe` VALUES ('70828453', '2019-09-04 00:00:00', '2019-08-31', '21567', 'EDORH - ANANOU HEFUME', 'HEFUME', '750000', '4', null, null);
INSERT INTO `employe` VALUES ('70828455', '2019-09-04 00:00:00', '2019-08-31', '21567', 'BOUKPESSI TCHAA', 'TCHAA', '750000', '4', null, null);
INSERT INTO `employe` VALUES ('70828456', '2019-09-04 00:00:00', '2019-08-31', '21567', 'QUENUM ABLAVI BIGNON EPSE GNAVE', 'GNAVE', '750000', '4', null, null);
INSERT INTO `employe` VALUES ('70828861', '2019-09-04 00:00:00', '2019-08-31', '21567', 'DEDJEH KOKOU AGBELI', 'AGBELI', '750000', '1', null, null);
INSERT INTO `employe` VALUES ('70828936', '2019-09-04 00:00:00', '2019-08-31', '21567', 'YENTCHABRE SOUGUILIMAN', 'SOUGUILIMAN', '750000', '4', null, null);
INSERT INTO `employe` VALUES ('70829039', '2019-09-04 00:00:00', '2019-08-31', '21567', 'TETEGAN KOKO SUZY ESTELLE', 'ESTELLE', '750000', '4', null, null);
INSERT INTO `employe` VALUES ('70829684', '2019-09-04 00:00:00', '2019-08-31', '21567', 'ATCHA FAROUKOU', 'FAROUKOU', '750000', '4', null, null);
INSERT INTO `employe` VALUES ('70829790', '2019-09-04 00:00:00', '2019-08-31', '21567', 'KABASSE TIKPENTIYENE', 'TIKPENTIYENE', '750000', '4', null, null);
INSERT INTO `employe` VALUES ('70829793', '2019-09-04 00:00:00', '2019-08-31', '21567', 'KINDOU KIBALOU BLAISE', 'BLAISE', '750000', '2', null, null);
INSERT INTO `employe` VALUES ('70829795', '2019-09-04 00:00:00', '2019-08-31', '21567', 'GOZAN AFI KPO-MAWUSINU', 'KPO-MAWUSINU', '750000', '4', null, null);
INSERT INTO `employe` VALUES ('70829796', '2019-09-04 00:00:00', '2019-08-31', '21567', 'AYEH ABRA AKPENE', 'AKPENE', '750000', '2', null, null);
INSERT INTO `employe` VALUES ('70829799', '2019-09-04 00:00:00', '2019-08-31', '21567', 'ANKOU-TSOMDZO KODZO AMETOWU', 'AMETOWU', '750000', '4', null, null);
INSERT INTO `employe` VALUES ('70829810', '2019-09-04 00:00:00', '2019-08-31', '21567', 'BAETA AFUA SEEFAKO', 'SEEFAKO', '750000', '4', null, null);
INSERT INTO `employe` VALUES ('70829811', '2019-09-04 00:00:00', '2019-08-31', '21567', 'ADO DOHON', 'DOHON', '750000', '4', null, null);
INSERT INTO `employe` VALUES ('70830029', '2019-09-04 00:00:00', '2019-08-31', '21567', 'HAÏDARA LALLA MARIAM MOULAYE ELMEHDY', 'ELMEHDY', '750000', '4', null, null);
INSERT INTO `employe` VALUES ('70830032', '2019-09-04 00:00:00', '2019-08-31', '21567', 'AYI MIKOADOME', 'MIKOADOME', '1000000', '4', null, null);
INSERT INTO `employe` VALUES ('70830190', '2019-09-04 00:00:00', '2019-08-31', '21567', 'KODJI AKUETE', 'AKUETE', '750000', '4', null, null);
INSERT INTO `employe` VALUES ('70830204', '2019-09-04 00:00:00', '2019-08-31', '21567', 'ALAYI ALI ESSOHANA', 'ESSOHANA', '750000', '4', null, null);
INSERT INTO `employe` VALUES ('70830475', '2019-09-04 00:00:00', '2019-08-31', '21567', 'BADJOLA ONDIMA', 'ONDIMA', '750000', '4', null, null);
INSERT INTO `employe` VALUES ('70830478', '2019-09-04 00:00:00', '2019-08-31', '21567', 'SLATER ARMINDO STEVEN', 'STEVEN', '750000', '4', null, null);
INSERT INTO `employe` VALUES ('70830481', '2019-09-04 00:00:00', '2019-08-31', '21567', 'AJAVON AYI NONO', 'NONO', '750000', '4', null, null);
INSERT INTO `employe` VALUES ('70830486', '2019-09-04 00:00:00', '2019-08-31', '21567', 'SAGBO SELOME MARIE ANAÏS', 'ANAÏS', '750000', '4', null, null);
INSERT INTO `employe` VALUES ('70830487', '2019-09-04 00:00:00', '2019-08-31', '21567', 'GNONDOLI ESSOSSINAM', 'ESSOSSINAM', '750000', '4', null, null);
INSERT INTO `employe` VALUES ('70830493', '2019-09-04 00:00:00', '2019-08-31', '21567', 'WALLA POUGNOZI', 'POUGNOZI', '750000', '4', null, null);
INSERT INTO `employe` VALUES ('70830589', '2019-09-04 00:00:00', '2019-08-31', '21567', 'ADIGO YAWA BIOVA', 'BIOVA', '750000', '2', null, null);
INSERT INTO `employe` VALUES ('70830756', '2019-09-04 00:00:00', '2019-08-31', '21567', 'KPALLA PATCHAKNAM', 'PATCHAKNAM', '750000', '4', null, null);
INSERT INTO `employe` VALUES ('70830966', '2019-09-04 00:00:00', '2019-08-31', '21567', 'KOUEVI FOLLY FERNAND', 'FERNAND', '750000', '3', null, null);
INSERT INTO `employe` VALUES ('70831039', '2019-09-04 00:00:00', '2019-08-31', '21567', 'ATSOU AMAVI STELLA', 'STELLA', '750000', '2', null, null);
INSERT INTO `employe` VALUES ('70831040', '2019-09-04 00:00:00', '2019-08-31', '21567', 'AGBOLOSSOU KOMLAN DODZI', 'DODZI', '750000', '2', null, null);
INSERT INTO `employe` VALUES ('70831043', '2019-09-04 00:00:00', '2019-08-31', '21567', 'TUDZI YAWOA AKOFA', 'AKOFA', '750000', '4', null, null);
INSERT INTO `employe` VALUES ('70831053', '2019-09-04 00:00:00', '2019-08-31', '21567', 'DJOULDE BOUGANI', 'BOUGANI', '750000', '2', null, null);
INSERT INTO `employe` VALUES ('70831199', '2019-09-04 00:00:00', '2019-08-31', '21567', 'GAZARO ALIMIYAO MARDHIYA', 'MARDHIYA', '750000', '3', null, null);
INSERT INTO `employe` VALUES ('70831205', '2019-09-04 00:00:00', '2019-08-31', '21567', 'KOMLA EKLU KOMLAVI SENA', 'SENA', '750000', '4', null, null);
INSERT INTO `employe` VALUES ('70831316', '2019-09-04 00:00:00', '2019-08-31', '21567', 'NAMBIEMA TABI SALIM', 'SALIM', '750000', '3', null, null);
INSERT INTO `employe` VALUES ('70831317', '2019-09-04 00:00:00', '2019-08-31', '21567', 'TIYE ELISAM', 'ELISAM', '750000', '3', null, null);
INSERT INTO `employe` VALUES ('70831505', '2019-09-04 00:00:00', '2019-08-31', '21567', 'EFIO-AKOLLY DELA', 'DELA', '750000', '3', null, null);
INSERT INTO `employe` VALUES ('70831649', '2019-09-04 00:00:00', '2019-08-31', '21567', 'MESSANGAN AMEH DELALI MIRIEILLE', 'MIRIEILLE', '750000', '2', null, null);
INSERT INTO `employe` VALUES ('70832081', '2019-09-04 00:00:00', '2019-08-31', '21567', 'ASSIMADI AKUVI CLAUDINE', 'CLAUDINE', '750000', '2', null, null);
INSERT INTO `employe` VALUES ('70832083', '2019-09-04 00:00:00', '2019-08-31', '21567', 'ALLADO-YAWOVI AKUVI TOLIA', 'TOLIA', '750000', '2', null, null);
INSERT INTO `employe` VALUES ('70832249', '2019-09-04 00:00:00', '2019-08-31', '21567', 'KATAKOU KOSSI FABRICE', 'FABRICE', '750000', '3', null, null);
INSERT INTO `employe` VALUES ('70832255', '2019-09-04 00:00:00', '2019-08-31', '21567', 'ADOKOU KOFFI SENYO ERIC', 'ERIC', '750000', '3', null, null);
INSERT INTO `employe` VALUES ('70832256', '2019-09-04 00:00:00', '2019-08-31', '21567', 'WEMEGAN DA ADJO JULIANA', 'JULIANA', '750000', '3', null, null);
INSERT INTO `employe` VALUES ('70832447', '2019-09-04 00:00:00', '2019-08-31', '21567', 'WOTOGNON KOUDJO ABRAHAM LUDOVIC', 'LUDOVIC', '750000', '2', null, null);
INSERT INTO `employe` VALUES ('70832454', '2019-09-04 00:00:00', '2019-08-31', '21567', 'ADJAHOTO AMA AHABANI', 'AHABANI', '750000', '2', null, null);
INSERT INTO `employe` VALUES ('70832821', '2019-09-04 00:00:00', '2019-08-31', '21567', 'KPANKOU YAWO MAWUBEDJRO', 'MAWUBEDJRO', '750000', '2', null, null);
INSERT INTO `employe` VALUES ('70832827', '2019-09-04 00:00:00', '2019-08-31', '21567', 'KODJOVI AHLIN KOSSI', 'KOSSI', '750000', '3', null, null);
INSERT INTO `employe` VALUES ('70832848', '2019-09-04 00:00:00', '2019-08-31', '21567', 'NAYODAH IGNEZA PASCAL', 'PASCAL', '750000', '3', null, null);
INSERT INTO `employe` VALUES ('70833127', '2019-09-04 00:00:00', '2019-08-31', '21567', 'FETHEN AHMED', 'AHMED', '1000000', '4', null, null);
INSERT INTO `employe` VALUES ('70833165', '2019-09-04 00:00:00', '2019-08-31', '21567', 'SILIADIN EPSE TAKOUGNADI AKOUSRON', 'AKOUSRON', '750000', '2', null, null);
INSERT INTO `employe` VALUES ('70833166', '2019-09-04 00:00:00', '2019-08-31', '21567', 'MENSAH YAO OLIVIER DESIRE', 'DESIRE', '750000', '2', null, null);
INSERT INTO `employe` VALUES ('70833355', '2019-09-04 00:00:00', '2019-08-31', '21567', 'TCHAKPIDE TRAORE CHAKIRATH', 'CHAKIRATH', '750000', '2', null, null);
INSERT INTO `employe` VALUES ('70833544', '2019-09-04 00:00:00', '2019-08-31', '21567', 'KOTTNER KOSSIVI EDEM', 'EDEM', '750000', '2', null, null);
INSERT INTO `employe` VALUES ('70835013', '2019-09-04 00:00:00', '2019-08-31', '21567', 'CHAHROUR FAISSAL', 'FAISSAL', '750000', '2', null, null);
INSERT INTO `employe` VALUES ('70836374', '2019-09-04 00:00:00', '2019-08-31', '21567', 'BOMBOMA TABA', 'TABA', '750000', '2', null, null);
INSERT INTO `employe` VALUES ('70837325', '2019-09-04 00:00:00', '2019-08-31', '21567', 'MALOU HODABALO', 'HODABALO', '750000', '4', null, null);
INSERT INTO `employe` VALUES ('70838254', '2019-09-04 00:00:00', '2019-08-31', '21567', 'AKOUETE KOSSI', 'KOSSI', '750000', '4', null, null);
INSERT INTO `employe` VALUES ('70838946', '2019-09-04 00:00:00', '2019-08-31', '21567', 'EKLU-GLIGBE KOSSI', 'KOSSI', '750000', '4', null, null);

-- ----------------------------
-- Table structure for `encours`
-- ----------------------------
DROP TABLE IF EXISTS `encours`;
CREATE TABLE `encours` (
  `idEncours` int(11) NOT NULL AUTO_INCREMENT,
  `dateComptable` date DEFAULT NULL,
  `mensualite` decimal(38,0) DEFAULT NULL,
  `montantOctroye` decimal(38,0) DEFAULT NULL,
  `numCredit` int(11) DEFAULT NULL,
  `objet` longtext,
  `reste` decimal(38,0) DEFAULT NULL,
  `matricule` int(11) DEFAULT NULL,
  PRIMARY KEY (`idEncours`),
  KEY `FK_encours_matricule` (`matricule`),
  CONSTRAINT `FK_encours_matricule` FOREIGN KEY (`matricule`) REFERENCES `employe` (`matricule`)
) ENGINE=InnoDB AUTO_INCREMENT=352 DEFAULT CHARSET=utf8;

-- ----------------------------
-- Records of encours
-- ----------------------------
INSERT INTO `encours` VALUES ('1', '2019-08-31', '30000', '300000', '834013', 'AVANCE SCOLAIRE CCT           ', '300000', '70831039');
INSERT INTO `encours` VALUES ('2', '2019-08-31', '84818', '4500000', '833858', 'ACHAT EQUIPEMENT CMT PERS PHY ', '4300414', '70831649');
INSERT INTO `encours` VALUES ('3', '2019-08-31', '53718', '2850000', '832411', 'ACHAT EQUIPEMENT CMT PERS PHY ', '2334873', '70832081');
INSERT INTO `encours` VALUES ('4', '2019-08-31', '80523', '3500000', '832245', 'ACHAT EQUIPEMENT CMT PERS PHY ', '2688734', '70833165');
INSERT INTO `encours` VALUES ('5', '2019-08-31', '70158', '1600000', '833862', 'CREDIT A LA CONSOMMATION CCT  ', '1408538', '70833165');
INSERT INTO `encours` VALUES ('6', '2019-08-31', '9000', '90000', '834110', 'AVANCE SCOLAIRE CCT           ', '90000', '70833165');
INSERT INTO `encours` VALUES ('7', '2019-08-31', '130054', '6900000', '833511', 'ACHAT EQUIPEMENT CMT PERS PHY ', '6284129', '70836374');
INSERT INTO `encours` VALUES ('8', '2019-08-31', '30000', '300000', '834027', 'AVANCE SCOLAIRE CCT           ', '300000', '70836374');
INSERT INTO `encours` VALUES ('9', '2019-08-31', '35000', '350000', '834090', 'AVANCE SCOLAIRE CCT           ', '350000', '70832821');
INSERT INTO `encours` VALUES ('10', '2019-08-31', '94242', '5000000', '831662', 'ACHAT EQUIPEMENT CMT PERS PHY ', '3784976', '70832821');
INSERT INTO `encours` VALUES ('11', '2019-08-31', '43849', '1000000', '833522', 'CREDIT A LA CONSOMMATION CCT  ', '759183', '70832821');
INSERT INTO `encours` VALUES ('12', '2019-08-31', '37000', '370000', '834000', 'AVANCE SCOLAIRE CCT           ', '370000', '70832083');
INSERT INTO `encours` VALUES ('13', '2019-08-31', '128169', '6800000', '833864', 'ACHAT EQUIPEMENT CMT PERS PHY ', '6498404', '70833166');
INSERT INTO `encours` VALUES ('14', '2019-08-31', '25000', '250000', '834098', 'AVANCE SCOLAIRE CCT           ', '250000', '70833166');
INSERT INTO `encours` VALUES ('15', '2019-08-31', '94242', '5000000', '831398', 'ACHAT EQUIPEMENT CMT PERS PHY ', '3548115', '70831199');
INSERT INTO `encours` VALUES ('16', '2019-08-31', '30000', '300000', '834101', 'AVANCE SCOLAIRE CCT           ', '300000', '70832848');
INSERT INTO `encours` VALUES ('17', '2019-08-31', '131938', '7000000', '833857', 'ACHAT EQUIPEMENT CMT PERS PHY ', '6689534', '70832848');
INSERT INTO `encours` VALUES ('18', '2019-08-31', '40000', '400000', '834125', 'AVANCE SCOLAIRE CCT           ', '400000', '70832256');
INSERT INTO `encours` VALUES ('19', '2019-08-31', '141363', '7500000', '833856', 'ACHAT EQUIPEMENT CMT PERS PHY ', '7167356', '70831317');
INSERT INTO `encours` VALUES ('20', '2019-08-31', '35000', '350000', '834118', 'AVANCE SCOLAIRE CCT           ', '350000', '70831317');
INSERT INTO `encours` VALUES ('21', '2019-08-31', '94242', '5000000', '832885', 'ACHAT EQUIPEMENT CMT PERS PHY ', '4326408', '70830966');
INSERT INTO `encours` VALUES ('22', '2019-08-31', '50000', '500000', '834087', 'AVANCE SCOLAIRE CCT           ', '500000', '70830966');
INSERT INTO `encours` VALUES ('23', '2019-08-31', '94242', '5000000', '831388', 'ACHAT EQUIPEMENT CMT PERS PHY ', '3548115', '70832827');
INSERT INTO `encours` VALUES ('24', '2019-08-31', '82500', '825000', '834080', 'AVANCE SCOLAIRE CCT           ', '825000', '70832827');
INSERT INTO `encours` VALUES ('25', '2019-08-31', '35000', '350000', '833976', 'AVANCE SCOLAIRE CCT           ', '350000', '70832255');
INSERT INTO `encours` VALUES ('26', '2019-08-31', '139478', '7400000', '833524', 'ACHAT EQUIPEMENT CMT PERS PHY ', '6739503', '70831316');
INSERT INTO `encours` VALUES ('27', '2019-08-31', '92357', '4900000', '832244', 'ACHAT EQUIPEMENT CMT PERS PHY ', '4014354', '70832249');
INSERT INTO `encours` VALUES ('28', '2019-08-31', '40000', '400000', '834074', 'AVANCE SCOLAIRE CCT           ', '400000', '70832249');
INSERT INTO `encours` VALUES ('29', '2019-08-31', '75393', '4000000', '832938', 'ACHAT EQUIPEMENT CMT PERS PHY ', '3461134', '70833544');
INSERT INTO `encours` VALUES ('30', '2019-08-31', '70000', '700000', '834115', 'AVANCE SCOLAIRE CCT           ', '700000', '70833355');
INSERT INTO `encours` VALUES ('31', '2019-08-31', '108682', '4000000', '832292', 'ACHAT EQUIPEMENT CMT PERS PHY ', '2868370', '70833355');
INSERT INTO `encours` VALUES ('32', '2019-08-31', '122514', '6500000', '832237', 'ACHAT EQUIPEMENT CMT PERS PHY ', '5325168', '70831053');
INSERT INTO `encours` VALUES ('33', '2019-08-31', '65251', '3500000', '833859', 'PRET IMMOBILIER CMT           ', '3343035', '70831053');
INSERT INTO `encours` VALUES ('34', '2019-08-31', '8800', '88000', '834033', 'AVANCE SCOLAIRE CCT           ', '88000', '70831053');
INSERT INTO `encours` VALUES ('35', '2019-08-31', '61389', '1400000', '833900', 'CREDIT A LA CONSOMMATION CCT  ', '1232468', '70832454');
INSERT INTO `encours` VALUES ('36', '2019-08-31', '30000', '300000', '834127', 'AVANCE SCOLAIRE CCT           ', '300000', '70832447');
INSERT INTO `encours` VALUES ('37', '2019-08-31', '40000', '400000', '833983', 'AVANCE SCOLAIRE CCT           ', '400000', '70831040');
INSERT INTO `encours` VALUES ('38', '2019-08-31', '94242', '5000000', '832899', 'ACHAT EQUIPEMENT CMT PERS PHY ', '4326408', '70831040');
INSERT INTO `encours` VALUES ('39', '2019-08-31', '94242', '5000000', '832204', 'ACHAT EQUIPEMENT CMT PERS PHY ', '4018930', '70829796');
INSERT INTO `encours` VALUES ('40', '2019-08-31', '20000', '200000', '834016', 'AVANCE SCOLAIRE CCT           ', '200000', '70829796');
INSERT INTO `encours` VALUES ('41', '2019-08-31', '10000', '100000', '833973', 'AVANCE SCOLAIRE CCT           ', '100000', '70830589');
INSERT INTO `encours` VALUES ('42', '2019-08-31', '94242', '5000000', '832236', 'ACHAT EQUIPEMENT CMT PERS PHY ', '4096275', '70830589');
INSERT INTO `encours` VALUES ('43', '2019-08-31', '87645', '4650000', '830281', 'ACHAT EQUIPEMENT CMT PERS PHY ', '2622346', '70829793');
INSERT INTO `encours` VALUES ('44', '2019-08-31', '40000', '400000', '834075', 'AVANCE SCOLAIRE CCT           ', '400000', '70829793');
INSERT INTO `encours` VALUES ('45', '2019-08-31', '83894', '4500000', '829883', 'PRET IMMOBILIER CMT           ', '2074556', '10604515');
INSERT INTO `encours` VALUES ('46', '2019-08-31', '30000', '300000', '834020', 'AVANCE SCOLAIRE CCT           ', '300000', '10604515');
INSERT INTO `encours` VALUES ('47', '2019-08-31', '30000', '300000', '834095', 'AVANCE SCOLAIRE CCT           ', '300000', '10817278');
INSERT INTO `encours` VALUES ('48', '2019-08-31', '16105', '700000', '832313', 'ACHAT EQUIPEMENT CMT PERS PHY ', '537745', '10817278');
INSERT INTO `encours` VALUES ('49', '2019-08-31', '50755', '4398493', '825798', 'PRET IMMOBILIER CMT           ', '1162822', '10817278');
INSERT INTO `encours` VALUES ('50', '2019-08-31', '50000', '500000', '834009', 'AVANCE SCOLAIRE CCT           ', '500000', '10813033');
INSERT INTO `encours` VALUES ('51', '2019-08-31', '20215', '350000', '832592', 'CREDIT A LA CONSOMMATION CCT  ', '139204', '10813033');
INSERT INTO `encours` VALUES ('52', '2019-08-31', '103666', '5500000', '831686', 'ACHAT EQUIPEMENT CMT PERS PHY ', '4163477', '10813033');
INSERT INTO `encours` VALUES ('53', '2019-08-31', '43648', '1000000', '833519', 'CREDIT A LA CONSOMMATION CCT  ', '758355', '70826663');
INSERT INTO `encours` VALUES ('54', '2019-08-31', '18000', '180000', '834064', 'AVANCE SCOLAIRE CCT           ', '180000', '70826663');
INSERT INTO `encours` VALUES ('55', '2019-08-31', '149144', '8000000', '831674', 'ACHAT EQUIPEMENT CMT PERS PHY ', '6039131', '70826663');
INSERT INTO `encours` VALUES ('56', '2019-08-31', '99896', '5300000', '831744', 'ACHAT EQUIPEMENT CMT PERS PHY ', '4012085', '70824357');
INSERT INTO `encours` VALUES ('57', '2019-08-31', '37500', '375000', '834122', 'AVANCE SCOLAIRE CCT           ', '375000', '70824357');
INSERT INTO `encours` VALUES ('58', '2019-08-31', '30000', '300000', '834121', 'AVANCE SCOLAIRE CCT           ', '300000', '70824358');
INSERT INTO `encours` VALUES ('59', '2019-08-31', '120629', '6400000', '832947', 'ACHAT EQUIPEMENT CMT PERS PHY ', '5537814', '70824358');
INSERT INTO `encours` VALUES ('60', '2019-08-31', '120629', '6400000', '832229', 'ACHAT EQUIPEMENT CMT PERS PHY ', '5144245', '10606177');
INSERT INTO `encours` VALUES ('61', '2019-08-31', '22000', '220000', '834030', 'AVANCE SCOLAIRE CCT           ', '220000', '10606177');
INSERT INTO `encours` VALUES ('62', '2019-08-31', '102088', '13344982', '827226', 'IMMOBILIER 1ERE HABITATION CLT', '9588376', '10606177');
INSERT INTO `encours` VALUES ('63', '2019-08-31', '43849', '1000000', '833518', 'CREDIT A LA CONSOMMATION CCT  ', '759183', '70826660');
INSERT INTO `encours` VALUES ('64', '2019-08-31', '150787', '8000000', '831675', 'ACHAT EQUIPEMENT CMT PERS PHY ', '6055967', '70826660');
INSERT INTO `encours` VALUES ('65', '2019-08-31', '20000', '200000', '834084', 'AVANCE SCOLAIRE CCT           ', '200000', '70826660');
INSERT INTO `encours` VALUES ('66', '2019-08-31', '104659', '5613820', '830670', 'ACHAT EQUIPEMENT CMT PERS PHY ', '3518287', '70826662');
INSERT INTO `encours` VALUES ('67', '2019-08-31', '50000', '500000', '834102', 'AVANCE SCOLAIRE CCT           ', '500000', '70826662');
INSERT INTO `encours` VALUES ('68', '2019-08-31', '30000', '300000', '833972', 'AVANCE SCOLAIRE CCT           ', '300000', '10817851');
INSERT INTO `encours` VALUES ('69', '2019-08-31', '84818', '4500000', '833879', 'ACHAT EQUIPEMENT CMT PERS PHY ', '4300414', '10817851');
INSERT INTO `encours` VALUES ('70', '2019-08-31', '131938', '7000000', '833183', 'ACHAT EQUIPEMENT CMT PERS PHY ', '6163494', '10817854');
INSERT INTO `encours` VALUES ('71', '2019-08-31', '70000', '700000', '834001', 'AVANCE SCOLAIRE CCT           ', '700000', '10817854');
INSERT INTO `encours` VALUES ('72', '2019-08-31', '50000', '500000', '834003', 'AVANCE SCOLAIRE CCT           ', '500000', '70826659');
INSERT INTO `encours` VALUES ('73', '2019-08-31', '91214', '4000000', '831678', 'ACHAT EQUIPEMENT CMT PERS PHY ', '2745672', '70826659');
INSERT INTO `encours` VALUES ('74', '2019-08-31', '94242', '5000000', '834139', 'ACHAT EQUIPEMENT CMT PERS PHY ', '4852462', '70814762');
INSERT INTO `encours` VALUES ('75', '2019-08-31', '30000', '300000', '834073', 'AVANCE SCOLAIRE CCT           ', '300000', '70814764');
INSERT INTO `encours` VALUES ('76', '2019-08-31', '70295', '8750000', '825440', 'PRET IMMOBILIER LT            ', '5057201', '70814764');
INSERT INTO `encours` VALUES ('77', '2019-08-31', '37697', '2000000', '833345', 'ACHAT EQUIPEMENT CMT PERS PHY ', '1791304', '70814764');
INSERT INTO `encours` VALUES ('78', '2019-08-31', '70000', '700000', '834069', 'AVANCE SCOLAIRE CCT           ', '700000', '10815414');
INSERT INTO `encours` VALUES ('79', '2019-08-31', '96805', '8583822', '826338', 'PRET IMMOBILIER CMT           ', '3084750', '10815414');
INSERT INTO `encours` VALUES ('80', '2019-08-31', '30000', '300000', '834094', 'AVANCE SCOLAIRE CCT           ', '300000', '10815830');
INSERT INTO `encours` VALUES ('81', '2019-08-31', '96187', '10000000', '825481', 'IMMOBILIER 1ERE HABITATION CLT', '4218121', '10815830');
INSERT INTO `encours` VALUES ('82', '2019-08-31', '65969', '3500000', '830622', 'ACHAT EQUIPEMENT CMT PERS PHY ', '2202766', '10815830');
INSERT INTO `encours` VALUES ('83', '2019-08-31', '99449', '13000000', '828734', 'IMMOBILIER 1ERE HABITATION CLT', '10399571', '70814971');
INSERT INTO `encours` VALUES ('84', '2019-08-31', '67854', '3600000', '832310', 'ACHAT EQUIPEMENT CMT PERS PHY ', '2949322', '70814971');
INSERT INTO `encours` VALUES ('85', '2019-08-31', '50000', '500000', '834050', 'AVANCE SCOLAIRE CCT           ', '500000', '70819450');
INSERT INTO `encours` VALUES ('86', '2019-08-31', '79163', '4200000', '830038', 'ACHAT EQUIPEMENT CMT PERS PHY ', '2159541', '70819450');
INSERT INTO `encours` VALUES ('87', '2019-08-31', '82911', '8000000', '823812', 'PRET IMMOBILIER CMT           ', '1440489', '70819450');
INSERT INTO `encours` VALUES ('88', '2019-08-31', '60000', '600000', '834109', 'AVANCE SCOLAIRE CCT           ', '600000', '70819452');
INSERT INTO `encours` VALUES ('89', '2019-08-31', '94242', '5000000', '831314', 'ACHAT EQUIPEMENT CMT PERS PHY ', '3468509', '70819452');
INSERT INTO `encours` VALUES ('90', '2019-08-31', '50000', '500000', '834079', 'AVANCE SCOLAIRE CCT           ', '500000', '70826781');
INSERT INTO `encours` VALUES ('91', '2019-08-31', '130501', '7000000', '832897', 'ACHAT EQUIPEMENT CMT PERS PHY ', '6047543', '70826781');
INSERT INTO `encours` VALUES ('92', '2019-08-31', '43319', '750000', '832581', 'CREDIT A LA CONSOMMATION CCT  ', '298282', '70823066');
INSERT INTO `encours` VALUES ('93', '2019-08-31', '70000', '700000', '834099', 'AVANCE SCOLAIRE CCT           ', '700000', '70823066');
INSERT INTO `encours` VALUES ('94', '2019-08-31', '80000', '800000', '834057', 'AVANCE SCOLAIRE CCT           ', '800000', '70822346');
INSERT INTO `encours` VALUES ('95', '2019-08-31', '50000', '500000', '834093', 'AVANCE SCOLAIRE CCT           ', '500000', '70826664');
INSERT INTO `encours` VALUES ('96', '2019-08-31', '114017', '5000000', '832898', 'ACHAT EQUIPEMENT CMT PERS PHY ', '4129622', '70826664');
INSERT INTO `encours` VALUES ('97', '2019-08-31', '47121', '2500000', '829331', 'ACHAT EQUIPEMENT CMT PERS PHY ', '946020', '10817280');
INSERT INTO `encours` VALUES ('98', '2019-08-31', '96187', '10000000', '825363', 'IMMOBILIER 1ERE HABITATION CLT', '4137752', '10817280');
INSERT INTO `encours` VALUES ('99', '2019-08-31', '50000', '500000', '834015', 'AVANCE SCOLAIRE CCT           ', '500000', '10817280');
INSERT INTO `encours` VALUES ('100', '2019-08-31', '30000', '300000', '833977', 'AVANCE SCOLAIRE CCT           ', '300000', '10817279');
INSERT INTO `encours` VALUES ('101', '2019-08-31', '82911', '8000000', '832940', 'PRET IMMOBILIER CMT           ', '7516595', '10817279');
INSERT INTO `encours` VALUES ('102', '2019-08-31', '113090', '6000000', '831412', 'ACHAT EQUIPEMENT CMT PERS PHY ', '4257748', '70822474');
INSERT INTO `encours` VALUES ('103', '2019-08-31', '63386', '3400000', '833549', 'PRET IMMOBILIER CMT           ', '3093321', '70822474');
INSERT INTO `encours` VALUES ('104', '2019-08-31', '120000', '1200000', '834086', 'AVANCE SCOLAIRE CCT           ', '1200000', '10817054');
INSERT INTO `encours` VALUES ('105', '2019-08-31', '155215', '11000000', '825639', 'ACHAT EQUIPEMENT CMT PERS PHY ', '154550', '10817054');
INSERT INTO `encours` VALUES ('106', '2019-08-31', '103530', '4500000', '829372', 'ACHAT EQUIPEMENT CMT PERS PHY ', '912837', '10817054');
INSERT INTO `encours` VALUES ('107', '2019-08-31', '99000', '990000', '833975', 'AVANCE SCOLAIRE CCT           ', '990000', '10814974');
INSERT INTO `encours` VALUES ('108', '2019-08-31', '119209', '13000000', '822611', 'IMMOBILIER 1ERE HABITATION CLT', '4312053', '10814974');
INSERT INTO `encours` VALUES ('109', '2019-08-31', '301573', '16000000', '833587', 'ACHAT EQUIPEMENT CMT PERS PHY ', '14571906', '70817695');
INSERT INTO `encours` VALUES ('110', '2019-08-31', '92027', '4000000', '829079', 'ACHAT EQUIPEMENT CMT PERS PHY ', '454475', '70827598');
INSERT INTO `encours` VALUES ('111', '2019-08-31', '1100000', '6600000', '834053', 'AVANCE SCOLAIRE CCT           ', '6600000', '70833127');
INSERT INTO `encours` VALUES ('112', '2019-08-31', '107176', '4700000', '829908', 'ACHAT EQUIPEMENT CMT PERS PHY ', '1560438', '70824892');
INSERT INTO `encours` VALUES ('113', '2019-08-31', '65969', '3500000', '830913', 'ACHAT EQUIPEMENT CMT PERS PHY ', '2259415', '70831043');
INSERT INTO `encours` VALUES ('114', '2019-08-31', '40000', '400000', '834123', 'AVANCE SCOLAIRE CCT           ', '400000', '70831043');
INSERT INTO `encours` VALUES ('115', '2019-08-31', '87698', '2000000', '831790', 'CREDIT A LA CONSOMMATION CCT  ', '773247', '70830481');
INSERT INTO `encours` VALUES ('116', '2019-08-31', '10000', '100000', '833986', 'AVANCE SCOLAIRE CCT           ', '100000', '70830481');
INSERT INTO `encours` VALUES ('117', '2019-08-31', '20000', '200000', '834034', 'AVANCE SCOLAIRE CCT           ', '200000', '70825006');
INSERT INTO `encours` VALUES ('118', '2019-08-31', '50000', '500000', '834070', 'AVANCE SCOLAIRE CCT           ', '500000', '70825335');
INSERT INTO `encours` VALUES ('119', '2019-08-31', '97876', '5250000', '830937', 'ACHAT EQUIPEMENT CMT PERS PHY ', '3375502', '70825335');
INSERT INTO `encours` VALUES ('120', '2019-08-31', '30000', '300000', '834060', 'AVANCE SCOLAIRE CCT           ', '300000', '70830487');
INSERT INTO `encours` VALUES ('121', '2019-08-31', '92027', '4000000', '830522', 'ACHAT EQUIPEMENT CMT PERS PHY ', '2015337', '70830487');
INSERT INTO `encours` VALUES ('122', '2019-08-31', '133823', '7100000', '832208', 'ACHAT EQUIPEMENT CMT PERS PHY ', '5706890', '70828936');
INSERT INTO `encours` VALUES ('123', '2019-08-31', '39464', '900000', '833521', 'CREDIT A LA CONSOMMATION CCT  ', '683267', '70828936');
INSERT INTO `encours` VALUES ('124', '2019-08-31', '19000', '190000', '834128', 'AVANCE SCOLAIRE CCT           ', '190000', '70828936');
INSERT INTO `encours` VALUES ('125', '2019-08-31', '65969', '3500000', '830561', 'ACHAT EQUIPEMENT CMT PERS PHY ', '2145883', '70830478');
INSERT INTO `encours` VALUES ('126', '2019-08-31', '30000', '300000', '834112', 'AVANCE SCOLAIRE CCT           ', '300000', '70830478');
INSERT INTO `encours` VALUES ('127', '2019-08-31', '25000', '250000', '834089', 'AVANCE SCOLAIRE CCT           ', '250000', '70830756');
INSERT INTO `encours` VALUES ('128', '2019-08-31', '148902', '7900000', '833551', 'ACHAT EQUIPEMENT CMT PERS PHY ', '7194877', '70830756');
INSERT INTO `encours` VALUES ('129', '2019-08-31', '80523', '3500000', '832317', 'ACHAT EQUIPEMENT CMT PERS PHY ', '2688734', '70831205');
INSERT INTO `encours` VALUES ('130', '2019-08-31', '45000', '450000', '834083', 'AVANCE SCOLAIRE CCT           ', '450000', '70831205');
INSERT INTO `encours` VALUES ('131', '2019-08-31', '167787', '9000000', '832207', 'ACHAT EQUIPEMENT CMT PERS PHY ', '7217769', '70829790');
INSERT INTO `encours` VALUES ('132', '2019-08-31', '20000', '200000', '834071', 'AVANCE SCOLAIRE CCT           ', '200000', '70829790');
INSERT INTO `encours` VALUES ('133', '2019-08-31', '88000', '880000', '834018', 'AVANCE SCOLAIRE CCT           ', '880000', '70830032');
INSERT INTO `encours` VALUES ('134', '2019-08-31', '260070', '13950000', '833032', 'PRET IMMOBILIER CMT           ', '12051888', '70830032');
INSERT INTO `encours` VALUES ('135', '2019-08-31', '50000', '500000', '833974', 'AVANCE SCOLAIRE CCT           ', '500000', '70824728');
INSERT INTO `encours` VALUES ('136', '2019-08-31', '126284', '6700000', '832271', 'ACHAT EQUIPEMENT CMT PERS PHY ', '5489013', '70824728');
INSERT INTO `encours` VALUES ('137', '2019-08-31', '10000', '100000', '834103', 'AVANCE SCOLAIRE CCT           ', '100000', '70824729');
INSERT INTO `encours` VALUES ('138', '2019-08-31', '93215', '5000000', '832895', 'PRET IMMOBILIER CMT           ', '4319674', '70824729');
INSERT INTO `encours` VALUES ('139', '2019-08-31', '103666', '5500000', '831671', 'ACHAT EQUIPEMENT CMT PERS PHY ', '4163477', '70824729');
INSERT INTO `encours` VALUES ('140', '2019-08-31', '55929', '3000000', '834141', 'PRET IMMOBILIER CMT           ', '2910474', '70826245');
INSERT INTO `encours` VALUES ('141', '2019-08-31', '115033', '5000000', '833034', 'ACHAT EQUIPEMENT CMT PERS PHY ', '4136174', '70826245');
INSERT INTO `encours` VALUES ('142', '2019-08-31', '47121', '2500000', '833554', 'ACHAT EQUIPEMENT CMT PERS PHY ', '2276859', '70826243');
INSERT INTO `encours` VALUES ('143', '2019-08-31', '93215', '5000000', '832246', 'PRET IMMOBILIER CMT           ', '4087758', '70826243');
INSERT INTO `encours` VALUES ('144', '2019-08-31', '25000', '250000', '834005', 'AVANCE SCOLAIRE CCT           ', '250000', '70829799');
INSERT INTO `encours` VALUES ('145', '2019-08-31', '34655', '600000', '833453', 'CREDIT A LA CONSOMMATION CCT  ', '371932', '70829799');
INSERT INTO `encours` VALUES ('146', '2019-08-31', '113090', '6000000', '830517', 'ACHAT EQUIPEMENT CMT PERS PHY ', '3678646', '70829799');
INSERT INTO `encours` VALUES ('147', '2019-08-31', '139673', '3200000', '832948', 'CREDIT A LA CONSOMMATION CCT  ', '2033555', '70830204');
INSERT INTO `encours` VALUES ('148', '2019-08-31', '139823', '7500000', '830298', 'PRET IMMOBILIER CMT           ', '4208856', '70830204');
INSERT INTO `encours` VALUES ('149', '2019-08-31', '30000', '300000', '833995', 'AVANCE SCOLAIRE CCT           ', '300000', '70830204');
INSERT INTO `encours` VALUES ('150', '2019-08-31', '247952', '13300000', '832949', 'ACHAT EQUIPEMENT CMT PERS PHY ', '11490331', '70830190');
INSERT INTO `encours` VALUES ('151', '2019-08-31', '110000', '1100000', '834078', 'AVANCE SCOLAIRE CCT           ', '1100000', '70830190');
INSERT INTO `encours` VALUES ('152', '2019-08-31', '138890', '7450000', '832889', 'PRET IMMOBILIER CMT           ', '6436318', '70825689');
INSERT INTO `encours` VALUES ('153', '2019-08-31', '73509', '3900000', '833576', 'ACHAT EQUIPEMENT CMT PERS PHY ', '3551898', '70830475');
INSERT INTO `encours` VALUES ('154', '2019-08-31', '20000', '200000', '834022', 'AVANCE SCOLAIRE CCT           ', '200000', '70830475');
INSERT INTO `encours` VALUES ('155', '2019-08-31', '30000', '300000', '834063', 'AVANCE SCOLAIRE CCT           ', '300000', '70829795');
INSERT INTO `encours` VALUES ('156', '2019-08-31', '64084', '3400000', '832335', 'ACHAT EQUIPEMENT CMT PERS PHY ', '2785474', '70829795');
INSERT INTO `encours` VALUES ('157', '2019-08-31', '51141', '500000', '833588', 'AVANCE SCOLAIRE CCT           ', '202476', '70830029');
INSERT INTO `encours` VALUES ('158', '2019-08-31', '126108', '2300000', '831697', 'ACHAT MOYEN DE TRANSPORT CCT  ', '375222', '70830029');
INSERT INTO `encours` VALUES ('159', '2019-08-31', '70000', '700000', '834065', 'AVANCE SCOLAIRE CCT           ', '700000', '70830029');
INSERT INTO `encours` VALUES ('160', '2019-08-31', '40000', '400000', '834052', 'AVANCE SCOLAIRE CCT           ', '400000', '70826782');
INSERT INTO `encours` VALUES ('161', '2019-08-31', '81048', '4300000', '831382', 'ACHAT EQUIPEMENT CMT PERS PHY ', '3051384', '70826782');
INSERT INTO `encours` VALUES ('162', '2019-08-31', '59000', '590000', '834124', 'AVANCE SCOLAIRE CCT           ', '590000', '70830493');
INSERT INTO `encours` VALUES ('163', '2019-08-31', '92027', '4000000', '830312', 'ACHAT EQUIPEMENT CMT PERS PHY ', '1763159', '70830493');
INSERT INTO `encours` VALUES ('164', '2019-08-31', '30000', '300000', '834113', 'AVANCE SCOLAIRE CCT           ', '300000', '70824895');
INSERT INTO `encours` VALUES ('165', '2019-08-31', '83767', '10950000', '832886', 'IMMOBILIER 1ERE HABITATION CLT', '10559844', '70824893');
INSERT INTO `encours` VALUES ('166', '2019-08-31', '35000', '350000', '834088', 'AVANCE SCOLAIRE CCT           ', '350000', '70824893');
INSERT INTO `encours` VALUES ('167', '2019-08-31', '116994', '15293438', '824470', 'IMMOBILIER 1ERE HABITATION CLT', '8501805', '70822142');
INSERT INTO `encours` VALUES ('168', '2019-08-31', '73509', '3900000', '833327', 'ACHAT EQUIPEMENT CMT PERS PHY ', '3493041', '70822142');
INSERT INTO `encours` VALUES ('169', '2019-08-31', '151035', '18800000', '833245', 'IMMOBILIER 1ERE HABITATION CLT', '18147201', '70820236');
INSERT INTO `encours` VALUES ('170', '2019-08-31', '94242', '5000000', '831676', 'ACHAT EQUIPEMENT CMT PERS PHY ', '3784976', '70820238');
INSERT INTO `encours` VALUES ('171', '2019-08-31', '104975', '10128985', '824945', 'PRET IMMOBILIER CMT           ', '3159923', '70820238');
INSERT INTO `encours` VALUES ('172', '2019-08-31', '10396', '180000', '832937', 'CREDIT A LA CONSOMMATION CCT  ', '91671', '10814099');
INSERT INTO `encours` VALUES ('173', '2019-08-31', '25130', '2424768', '825900', 'PRET IMMOBILIER CMT           ', '931815', '10814099');
INSERT INTO `encours` VALUES ('174', '2019-08-31', '13804', '600000', '832268', 'ACHAT EQUIPEMENT CMT PERS PHY ', '460926', '10814099');
INSERT INTO `encours` VALUES ('175', '2019-08-31', '25000', '250000', '834007', 'AVANCE SCOLAIRE CCT           ', '250000', '10817424');
INSERT INTO `encours` VALUES ('176', '2019-08-31', '42879', '2300000', '832265', 'PRET IMMOBILIER CMT           ', '1880368', '10817424');
INSERT INTO `encours` VALUES ('177', '2019-08-31', '188483', '10000000', '833216', 'ACHAT EQUIPEMENT CMT PERS PHY ', '8804991', '70827026');
INSERT INTO `encours` VALUES ('178', '2019-08-31', '20000', '200000', '834066', 'AVANCE SCOLAIRE CCT           ', '200000', '10818374');
INSERT INTO `encours` VALUES ('179', '2019-08-31', '78103', '10049508', '826696', 'IMMOBILIER 1ERE HABITATION CLT', '6768579', '10818374');
INSERT INTO `encours` VALUES ('180', '2019-08-31', '43849', '1000000', '832671', 'CREDIT A LA CONSOMMATION CCT  ', '595303', '10818374');
INSERT INTO `encours` VALUES ('181', '2019-08-31', '57517', '2500000', '828990', 'ACHAT EQUIPEMENT CMT PERS PHY ', '227693', '10818374');
INSERT INTO `encours` VALUES ('182', '2019-08-31', '56545', '3000000', '831672', 'ACHAT EQUIPEMENT CMT PERS PHY ', '2270990', '70820958');
INSERT INTO `encours` VALUES ('183', '2019-08-31', '65774', '1500000', '832474', 'CREDIT A LA CONSOMMATION CCT  ', '830862', '70820958');
INSERT INTO `encours` VALUES ('184', '2019-08-31', '119420', '15610582', '826546', 'IMMOBILIER 1ERE HABITATION CLT', '10589121', '70820958');
INSERT INTO `encours` VALUES ('185', '2019-08-31', '28000', '280000', '834026', 'AVANCE SCOLAIRE CCT           ', '280000', '70819445');
INSERT INTO `encours` VALUES ('186', '2019-08-31', '78029', '10200000', '831345', 'PRET IMMOBILIER LT            ', '9375433', '70819445');
INSERT INTO `encours` VALUES ('187', '2019-08-31', '100000', '1000000', '834097', 'AVANCE SCOLAIRE CCT           ', '1000000', '70819641');
INSERT INTO `encours` VALUES ('188', '2019-08-31', '124232', '10000000', '824525', 'PRET IMMOBILIER CMT           ', '247114', '70819641');
INSERT INTO `encours` VALUES ('189', '2019-08-31', '87961', '11498231', '824837', 'IMMOBILIER 1ERE HABITATION CLT', '6708376', '70819643');
INSERT INTO `encours` VALUES ('190', '2019-08-31', '94242', '5000000', '831673', 'ACHAT EQUIPEMENT CMT PERS PHY ', '3784976', '70819643');
INSERT INTO `encours` VALUES ('191', '2019-08-31', '20000', '200000', '834129', 'AVANCE SCOLAIRE CCT           ', '200000', '70819643');
INSERT INTO `encours` VALUES ('192', '2019-08-31', '40000', '400000', '834126', 'AVANCE SCOLAIRE CCT           ', '400000', '70820793');
INSERT INTO `encours` VALUES ('193', '2019-08-31', '82935', '8002317', '825446', 'PRET IMMOBILIER CMT           ', '2787980', '70820793');
INSERT INTO `encours` VALUES ('194', '2019-08-31', '109994', '5900000', '833604', 'ACHAT EQUIPEMENT CMT PERS PHY ', '5367819', '70824894');
INSERT INTO `encours` VALUES ('195', '2019-08-31', '68862', '2000000', '832910', 'ACHAT EQUIPEMENT CMT PERS PHY ', '1445403', '10803854');
INSERT INTO `encours` VALUES ('196', '2019-08-31', '20000', '200000', '834002', 'AVANCE SCOLAIRE CCT           ', '200000', '10803854');
INSERT INTO `encours` VALUES ('197', '2019-08-31', '10900', '109000', '833979', 'AVANCE SCOLAIRE CCT           ', '109000', '70820390');
INSERT INTO `encours` VALUES ('198', '2019-08-31', '111205', '5900000', '833553', 'ACHAT EQUIPEMENT CMT PERS PHY ', '5373390', '70820390');
INSERT INTO `encours` VALUES ('199', '2019-08-31', '86963', '7000000', '826391', 'PRET IMMOBILIER CMT           ', '1833064', '70820390');
INSERT INTO `encours` VALUES ('200', '2019-08-31', '30000', '300000', '834039', 'AVANCE SCOLAIRE CCT           ', '300000', '70828453');
INSERT INTO `encours` VALUES ('201', '2019-08-31', '115033', '5000000', '831664', 'ACHAT EQUIPEMENT CMT PERS PHY ', '3441827', '70828453');
INSERT INTO `encours` VALUES ('202', '2019-08-31', '15000', '150000', '834028', 'AVANCE SCOLAIRE CCT           ', '150000', '70828455');
INSERT INTO `encours` VALUES ('203', '2019-08-31', '169651', '9100000', '833865', 'PRET IMMOBILIER CMT           ', '8691896', '70828455');
INSERT INTO `encours` VALUES ('204', '2019-08-31', '60000', '600000', '834092', 'AVANCE SCOLAIRE CCT           ', '600000', '70823062');
INSERT INTO `encours` VALUES ('205', '2019-08-31', '138040', '6000000', '828957', 'ACHAT EQUIPEMENT CMT PERS PHY ', '546508', '70823062');
INSERT INTO `encours` VALUES ('206', '2019-08-31', '45000', '450000', '834116', 'AVANCE SCOLAIRE CCT           ', '450000', '70823065');
INSERT INTO `encours` VALUES ('207', '2019-08-31', '130049', '17000000', '831823', 'IMMOBILIER 1ERE HABITATION CLT', '15978980', '70823065');
INSERT INTO `encours` VALUES ('208', '2019-08-31', '43849', '1000000', '833516', 'CREDIT A LA CONSOMMATION CCT  ', '759183', '70823065');
INSERT INTO `encours` VALUES ('209', '2019-08-31', '16000', '160000', '833988', 'AVANCE SCOLAIRE CCT           ', '160000', '70822348');
INSERT INTO `encours` VALUES ('210', '2019-08-31', '75393', '4000000', '833861', 'ACHAT EQUIPEMENT CMT PERS PHY ', '3822591', '70822348');
INSERT INTO `encours` VALUES ('211', '2019-08-31', '85676', '11199602', '828303', 'IMMOBILIER 1ERE HABITATION CLT', '8749831', '70822348');
INSERT INTO `encours` VALUES ('212', '2019-08-31', '76499', '10000000', '824284', 'IMMOBILIER 1ERE HABITATION CLT', '5447661', '10816433');
INSERT INTO `encours` VALUES ('213', '2019-08-31', '188483', '10000000', '832593', 'ACHAT EQUIPEMENT CMT PERS PHY ', '8346619', '10816433');
INSERT INTO `encours` VALUES ('214', '2019-08-31', '115033', '5000000', '831391', 'ACHAT EQUIPEMENT CMT PERS PHY ', '3138072', '10816433');
INSERT INTO `encours` VALUES ('215', '2019-08-31', '100000', '1000000', '834058', 'AVANCE SCOLAIRE CCT           ', '1000000', '10816433');
INSERT INTO `encours` VALUES ('216', '2019-08-31', '70000', '700000', '834076', 'AVANCE SCOLAIRE CCT           ', '700000', '10816134');
INSERT INTO `encours` VALUES ('217', '2019-08-31', '99078', '12951451', '825422', 'IMMOBILIER 1ERE HABITATION CLT', '7906005', '10816134');
INSERT INTO `encours` VALUES ('218', '2019-08-31', '26765', '1420021', '828524', 'ACHAT EQUIPEMENT CMT PERS PHY ', '287268', '10815785');
INSERT INTO `encours` VALUES ('219', '2019-08-31', '116782', '15265758', '826266', 'PRET IMMOBILIER LT            ', '10120497', '10815785');
INSERT INTO `encours` VALUES ('220', '2019-08-31', '84000', '840000', '834119', 'AVANCE SCOLAIRE CCT           ', '840000', '10815785');
INSERT INTO `encours` VALUES ('221', '2019-08-31', '43849', '1000000', '833860', 'CREDIT A LA CONSOMMATION CCT  ', '880335', '70828139');
INSERT INTO `encours` VALUES ('222', '2019-08-31', '94242', '5000000', '831677', 'ACHAT EQUIPEMENT CMT PERS PHY ', '3784976', '70828139');
INSERT INTO `encours` VALUES ('223', '2019-08-31', '115033', '5000000', '830034', 'ACHAT EQUIPEMENT CMT PERS PHY ', '1777580', '10814167');
INSERT INTO `encours` VALUES ('224', '2019-08-31', '30000', '300000', '834023', 'AVANCE SCOLAIRE CCT           ', '300000', '70824175');
INSERT INTO `encours` VALUES ('225', '2019-08-31', '23007', '1000000', '828756', 'ACHAT EQUIPEMENT CMT PERS PHY ', '22897', '70824175');
INSERT INTO `encours` VALUES ('226', '2019-08-31', '149742', '5000000', '830087', 'ACHAT EQUIPEMENT CMT PERS PHY ', '739544', '70829810');
INSERT INTO `encours` VALUES ('227', '2019-08-31', '120000', '1200000', '834056', 'AVANCE SCOLAIRE CCT           ', '1200000', '70829810');
INSERT INTO `encours` VALUES ('228', '2019-08-31', '50000', '500000', '834025', 'AVANCE SCOLAIRE CCT           ', '500000', '10812908');
INSERT INTO `encours` VALUES ('229', '2019-08-31', '67581', '3625008', '830309', 'PRET IMMOBILIER CMT           ', '2034295', '10812908');
INSERT INTO `encours` VALUES ('230', '2019-08-31', '59349', '3873692', '824419', 'IMMOBILIER 1ERE HABITATION CLT', '3277704', '10812908');
INSERT INTO `encours` VALUES ('231', '2019-08-31', '331643', '32000000', '829156', 'IMMOBILIER 1ERE HABITATION CLT', '22392197', '70826263');
INSERT INTO `encours` VALUES ('232', '2019-08-31', '219245', '5000000', '833479', 'CREDIT A LA CONSOMMATION CCT  ', '3592337', '70826263');
INSERT INTO `encours` VALUES ('233', '2019-08-31', '30000', '300000', '834035', 'AVANCE SCOLAIRE CCT           ', '300000', '10806681');
INSERT INTO `encours` VALUES ('234', '2019-08-31', '80523', '3500000', '829323', 'ACHAT EQUIPEMENT CMT PERS PHY ', '709995', '10806681');
INSERT INTO `encours` VALUES ('235', '2019-08-31', '618471', '42215859', '826064', 'PRET IMMOBILIER CMT           ', '10377421', '10810598');
INSERT INTO `encours` VALUES ('236', '2019-08-31', '141718', '8601732', '827871', 'PRET IMMOBILIER CMT           ', '1659888', '10511433');
INSERT INTO `encours` VALUES ('237', '2019-08-31', '120000', '1200000', '834108', 'AVANCE SCOLAIRE CCT           ', '1200000', '10511433');
INSERT INTO `encours` VALUES ('238', '2019-08-31', '103666', '5500000', '833882', 'ACHAT EQUIPEMENT CMT PERS PHY ', '5256061', '10814667');
INSERT INTO `encours` VALUES ('239', '2019-08-31', '50000', '500000', '834024', 'AVANCE SCOLAIRE CCT           ', '500000', '70822181');
INSERT INTO `encours` VALUES ('240', '2019-08-31', '68849', '9000000', '827107', 'IMMOBILIER 1ERE HABITATION CLT', '6421919', '70822181');
INSERT INTO `encours` VALUES ('241', '2019-08-31', '69020', '3000000', '831685', 'ACHAT EQUIPEMENT CMT PERS PHY ', '2065096', '10813605');
INSERT INTO `encours` VALUES ('242', '2019-08-31', '40000', '400000', '833980', 'AVANCE SCOLAIRE CCT           ', '400000', '10813605');
INSERT INTO `encours` VALUES ('243', '2019-08-31', '16000', '160000', '834082', 'AVANCE SCOLAIRE CCT           ', '160000', '10814173');
INSERT INTO `encours` VALUES ('244', '2019-08-31', '56545', '3000000', '829327', 'ACHAT EQUIPEMENT CMT PERS PHY ', '1135226', '10814173');
INSERT INTO `encours` VALUES ('245', '2019-08-31', '114007', '2600000', '833863', 'CREDIT A LA CONSOMMATION CCT  ', '2288874', '10814173');
INSERT INTO `encours` VALUES ('246', '2019-08-31', '65080', '8507293', '824883', 'IMMOBILIER 1ERE HABITATION CLT', '5009727', '10814175');
INSERT INTO `encours` VALUES ('247', '2019-08-31', '30500', '305000', '833981', 'AVANCE SCOLAIRE CCT           ', '305000', '10814175');
INSERT INTO `encours` VALUES ('248', '2019-08-31', '65969', '3500000', '832908', 'ACHAT EQUIPEMENT CMT PERS PHY ', '3028492', '10814175');
INSERT INTO `encours` VALUES ('249', '2019-08-31', '46637', '4500000', '826168', 'PRET IMMOBILIER CMT           ', '1888455', '10814174');
INSERT INTO `encours` VALUES ('250', '2019-08-31', '63142', '3350000', '830938', 'ACHAT EQUIPEMENT CMT PERS PHY ', '2162575', '10814174');
INSERT INTO `encours` VALUES ('251', '2019-08-31', '50000', '500000', '834072', 'AVANCE SCOLAIRE CCT           ', '500000', '10814174');
INSERT INTO `encours` VALUES ('252', '2019-08-31', '40000', '400000', '834068', 'AVANCE SCOLAIRE CCT           ', '400000', '70821885');
INSERT INTO `encours` VALUES ('253', '2019-08-31', '94242', '5000000', '833884', 'ACHAT EQUIPEMENT CMT PERS PHY ', '4778237', '70821885');
INSERT INTO `encours` VALUES ('254', '2019-08-31', '52619', '1200000', '833547', 'CREDIT A LA CONSOMMATION CCT  ', '911021', '70821597');
INSERT INTO `encours` VALUES ('255', '2019-08-31', '32135', '4000000', '824884', 'IMMOBILIER 1ERE HABITATION CLT', '2193638', '70821597');
INSERT INTO `encours` VALUES ('256', '2019-08-31', '10000', '100000', '833999', 'AVANCE SCOLAIRE CCT           ', '100000', '70821597');
INSERT INTO `encours` VALUES ('257', '2019-08-31', '56997', '7450700', '827266', 'IMMOBILIER 1ERE HABITATION CLT', '5390131', '10810233');
INSERT INTO `encours` VALUES ('258', '2019-08-31', '56545', '3000000', '833550', 'ACHAT EQUIPEMENT CMT PERS PHY ', '2732231', '10810233');
INSERT INTO `encours` VALUES ('259', '2019-08-31', '20000', '200000', '834117', 'AVANCE SCOLAIRE CCT           ', '200000', '10810233');
INSERT INTO `encours` VALUES ('260', '2019-08-31', '157344', '12000000', '832261', 'PRET IMMOBILIER CMT           ', '10623716', '10810389');
INSERT INTO `encours` VALUES ('261', '2019-08-31', '60000', '600000', '834062', 'AVANCE SCOLAIRE CCT           ', '600000', '10810389');
INSERT INTO `encours` VALUES ('262', '2019-08-31', '157856', '3600000', '833500', 'CREDIT A LA CONSOMMATION CCT  ', '2733068', '10810389');
INSERT INTO `encours` VALUES ('263', '2019-08-31', '75393', '4000000', '833241', 'ACHAT EQUIPEMENT CMT PERS PHY ', '3521999', '70814435');
INSERT INTO `encours` VALUES ('264', '2019-08-31', '56571', '5458513', '826185', 'PRET IMMOBILIER CMT           ', '2290683', '70814435');
INSERT INTO `encours` VALUES ('265', '2019-08-31', '20000', '200000', '834096', 'AVANCE SCOLAIRE CCT           ', '200000', '70814435');
INSERT INTO `encours` VALUES ('266', '2019-08-31', '50000', '500000', '834067', 'AVANCE SCOLAIRE CCT           ', '500000', '10815890');
INSERT INTO `encours` VALUES ('267', '2019-08-31', '94242', '5000000', '830862', 'ACHAT EQUIPEMENT CMT PERS PHY ', '3227716', '10815890');
INSERT INTO `encours` VALUES ('268', '2019-08-31', '190194', '7000000', '833037', 'ACHAT EQUIPEMENT CMT PERS PHY ', '5523943', '10512297');
INSERT INTO `encours` VALUES ('269', '2019-08-31', '20000', '200000', '834031', 'AVANCE SCOLAIRE CCT           ', '200000', '10512297');
INSERT INTO `encours` VALUES ('270', '2019-08-31', '87698', '2000000', '833577', 'CREDIT A LA CONSOMMATION CCT  ', '1518369', '10512895');
INSERT INTO `encours` VALUES ('271', '2019-08-31', '124664', '9329270', '825088', 'PRET IMMOBILIER CMT           ', '124204', '10512895');
INSERT INTO `encours` VALUES ('272', '2019-08-31', '94242', '5000000', '830037', 'ACHAT EQUIPEMENT CMT PERS PHY ', '2570868', '10512895');
INSERT INTO `encours` VALUES ('273', '2019-08-31', '67000', '670000', '834037', 'AVANCE SCOLAIRE CCT           ', '670000', '10512670');
INSERT INTO `encours` VALUES ('274', '2019-08-31', '91294', '9546763', '823571', 'IMMOBILIER 1ERE HABITATION CLT', '2422290', '10512670');
INSERT INTO `encours` VALUES ('275', '2019-08-31', '34655', '600000', '832591', 'CREDIT A LA CONSOMMATION CCT  ', '238629', '10512670');
INSERT INTO `encours` VALUES ('276', '2019-08-31', '50496', '5000000', '824897', 'IMMOBILIER 1ERE HABITATION CLT', '1653353', '10807102');
INSERT INTO `encours` VALUES ('277', '2019-08-31', '44365', '850000', '833236', 'CREDIT A LA CONSOMMATION CCT  ', '518373', '10807102');
INSERT INTO `encours` VALUES ('278', '2019-08-31', '15400', '154000', '833991', 'AVANCE SCOLAIRE CCT           ', '154000', '10807102');
INSERT INTO `encours` VALUES ('279', '2019-08-31', '9800', '98000', '834051', 'AVANCE SCOLAIRE CCT           ', '98000', '10811079');
INSERT INTO `encours` VALUES ('280', '2019-08-31', '52619', '1200000', '833880', 'CREDIT A LA CONSOMMATION CCT  ', '1056402', '10811079');
INSERT INTO `encours` VALUES ('281', '2019-08-31', '40322', '4192040', '826503', 'IMMOBILIER 1ERE HABITATION CLT', '2130650', '10811079');
INSERT INTO `encours` VALUES ('282', '2019-08-31', '70000', '700000', '834111', 'AVANCE SCOLAIRE CCT           ', '700000', '70821912');
INSERT INTO `encours` VALUES ('283', '2019-08-31', '94242', '5000000', '831247', 'ACHAT EQUIPEMENT CMT PERS PHY ', '3388575', '70821912');
INSERT INTO `encours` VALUES ('284', '2019-08-31', '36395', '830000', '832381', 'CREDIT A LA CONSOMMATION CCT  ', '425245', '70822109');
INSERT INTO `encours` VALUES ('285', '2019-08-31', '48462', '6334993', '827255', 'IMMOBILIER 1ERE HABITATION CLT', '4582979', '70822109');
INSERT INTO `encours` VALUES ('286', '2019-08-31', '37100', '371000', '834114', 'AVANCE SCOLAIRE CCT           ', '371000', '70822109');
INSERT INTO `encours` VALUES ('287', '2019-08-31', '30157', '1600000', '830531', 'ACHAT EQUIPEMENT CMT PERS PHY ', '980980', '70822109');
INSERT INTO `encours` VALUES ('288', '2019-08-31', '70000', '700000', '833992', 'AVANCE SCOLAIRE CCT           ', '700000', '10512768');
INSERT INTO `encours` VALUES ('289', '2019-08-31', '8000', '80000', '834049', 'AVANCE SCOLAIRE CCT           ', '80000', '70838254');
INSERT INTO `encours` VALUES ('290', '2019-08-31', '94242', '5000000', '833853', 'ACHAT EQUIPEMENT CMT PERS PHY ', '4778237', '70838254');
INSERT INTO `encours` VALUES ('291', '2019-08-31', '10396', '180000', '832937', 'CREDIT A LA CONSOMMATION CCT  ', '91671', '10814099');
INSERT INTO `encours` VALUES ('292', '2019-08-31', '25130', '2424768', '825900', 'PRET IMMOBILIER CMT           ', '931815', '10814099');
INSERT INTO `encours` VALUES ('293', '2019-08-31', '13804', '600000', '832268', 'ACHAT EQUIPEMENT CMT PERS PHY ', '460926', '10814099');
INSERT INTO `encours` VALUES ('294', '2019-08-31', '15000', '150000', '834014', 'AVANCE SCOLAIRE CCT           ', '150000', '70837325');
INSERT INTO `encours` VALUES ('295', '2019-08-31', '84818', '4500000', '833476', 'ACHAT EQUIPEMENT CMT PERS PHY ', '4030435', '70821276');
INSERT INTO `encours` VALUES ('296', '2019-08-31', '77729', '7500000', '825753', 'PRET IMMOBILIER CMT           ', '2748085', '70821276');
INSERT INTO `encours` VALUES ('297', '2019-08-31', '82500', '825000', '834036', 'AVANCE SCOLAIRE CCT           ', '825000', '10805468');
INSERT INTO `encours` VALUES ('298', '2019-08-31', '179691', '6000000', '833330', 'ACHAT EQUIPEMENT CMT PERS PHY ', '4901900', '10805468');
INSERT INTO `encours` VALUES ('299', '2019-08-31', '215736', '16453306', '826166', 'PRET IMMOBILIER CMT           ', '2937011', '10805468');
INSERT INTO `encours` VALUES ('300', '2019-08-31', '99067', '12950000', '832939', 'IMMOBILIER 1ERE HABITATION CLT', '12488581', '70822149');
INSERT INTO `encours` VALUES ('301', '2019-08-31', '50000', '500000', '834019', 'AVANCE SCOLAIRE CCT           ', '500000', '70822149');
INSERT INTO `encours` VALUES ('302', '2019-08-31', '43849', '1000000', '831698', 'ACHAT EQUIPEMENT CMT PERS PHY ', '344368', '70820794');
INSERT INTO `encours` VALUES ('303', '2019-08-31', '19096', '830000', '829344', 'ACHAT EQUIPEMENT CMT PERS PHY ', '168353', '10512408');
INSERT INTO `encours` VALUES ('304', '2019-08-31', '160587', '5500000', '832900', 'ACHAT EQUIPEMENT CMT PERS PHY ', '4238230', '70829039');
INSERT INTO `encours` VALUES ('305', '2019-08-31', '60000', '600000', '834091', 'AVANCE SCOLAIRE CCT           ', '600000', '70829039');
INSERT INTO `encours` VALUES ('306', '2019-08-31', '101002', '4640847', '832835', 'ACHAT EQUIPEMENT CMT PERS PHY ', '3989894', '70820209');
INSERT INTO `encours` VALUES ('307', '2019-08-31', '20000', '200000', '834120', 'AVANCE SCOLAIRE CCT           ', '200000', '70821069');
INSERT INTO `encours` VALUES ('308', '2019-08-31', '83894', '4500000', '830649', 'ACHAT EQUIPEMENT CMT PERS PHY ', '2820234', '70821069');
INSERT INTO `encours` VALUES ('309', '2019-08-31', '55929', '3000000', '833883', 'ACHAT EQUIPEMENT CMT PERS PHY ', '2865459', '70821069');
INSERT INTO `encours` VALUES ('310', '2019-08-31', '10000', '100000', '834107', 'AVANCE SCOLAIRE CCT           ', '100000', '70820263');
INSERT INTO `encours` VALUES ('311', '2019-08-31', '75393', '4000000', '833234', 'ACHAT EQUIPEMENT CMT PERS PHY ', '3521999', '70820263');
INSERT INTO `encours` VALUES ('312', '2019-08-31', '60052', '7850000', '830167', 'IMMOBILIER 1ERE HABITATION CLT', '6913957', '70820263');
INSERT INTO `encours` VALUES ('313', '2019-08-31', '75393', '4000000', '833885', 'ACHAT EQUIPEMENT CMT PERS PHY ', '3822591', '10805996');
INSERT INTO `encours` VALUES ('314', '2019-08-31', '20000', '200000', '834055', 'AVANCE SCOLAIRE CCT           ', '200000', '10805996');
INSERT INTO `encours` VALUES ('315', '2019-08-31', '130501', '7000000', '832209', 'ACHAT EQUIPEMENT CMT PERS PHY ', '5613820', '70828456');
INSERT INTO `encours` VALUES ('316', '2019-08-31', '50000', '500000', '834081', 'AVANCE SCOLAIRE CCT           ', '500000', '70828456');
INSERT INTO `encours` VALUES ('317', '2019-08-31', '40000', '400000', '834054', 'AVANCE SCOLAIRE CCT           ', '400000', '70820266');
INSERT INTO `encours` VALUES ('318', '2019-08-31', '68849', '9000000', '825502', 'IMMOBILIER 1ERE HABITATION CLT', '5542024', '10815742');
INSERT INTO `encours` VALUES ('319', '2019-08-31', '92357', '4900000', '832248', 'ACHAT EQUIPEMENT CMT PERS PHY ', '4014354', '10815742');
INSERT INTO `encours` VALUES ('320', '2019-08-31', '15000', '150000', '834006', 'AVANCE SCOLAIRE CCT           ', '150000', '10815742');
INSERT INTO `encours` VALUES ('321', '2019-08-31', '16105', '700000', '829096', 'ACHAT EQUIPEMENT CMT PERS PHY ', '79525', '10814097');
INSERT INTO `encours` VALUES ('322', '2019-08-31', '95097', '3500000', '832318', 'ACHAT EQUIPEMENT CMT PERS PHY ', '2509822', '10701508');
INSERT INTO `encours` VALUES ('323', '2019-08-31', '170073', '15080570', '825806', 'PRET IMMOBILIER CMT           ', '4359336', '10701508');
INSERT INTO `encours` VALUES ('324', '2019-08-31', '14900', '149000', '834029', 'AVANCE SCOLAIRE CCT           ', '149000', '10701508');
INSERT INTO `encours` VALUES ('325', '2019-08-31', '65472', '1500000', '832312', 'CREDIT A L\'EQUIPEMENT CT      ', '766836', '10807899');
INSERT INTO `encours` VALUES ('326', '2019-08-31', '30000', '300000', '834011', 'AVANCE SCOLAIRE CCT           ', '300000', '10807899');
INSERT INTO `encours` VALUES ('327', '2019-08-31', '25000', '250000', '834021', 'AVANCE SCOLAIRE CCT           ', '250000', '70821080');
INSERT INTO `encours` VALUES ('328', '2019-08-31', '40000', '400000', '833989', 'AVANCE SCOLAIRE CCT           ', '400000', '70820149');
INSERT INTO `encours` VALUES ('329', '2019-08-31', '96405', '12000000', '831809', 'IMMOBILIER 1ERE HABITATION CLT', '11208350', '70820149');
INSERT INTO `encours` VALUES ('330', '2019-08-31', '37697', '2000000', '832896', 'ACHAT EQUIPEMENT CMT PERS PHY ', '1730563', '70820149');
INSERT INTO `encours` VALUES ('331', '2019-08-31', '94242', '5000000', '831668', 'ACHAT EQUIPEMENT CMT PERS PHY ', '3784976', '10804792');
INSERT INTO `encours` VALUES ('332', '2019-08-31', '80000', '800000', '834077', 'AVANCE SCOLAIRE CCT           ', '800000', '10804792');
INSERT INTO `encours` VALUES ('333', '2019-08-31', '124077', '13713870', '823981', 'IMMOBILIER 1ERE HABITATION CLT', '4918940', '10804792');
INSERT INTO `encours` VALUES ('334', '2019-08-31', '154999', '20261502', '829693', 'IMMOBILIER 1ERE HABITATION CLT', '17312055', '70821260');
INSERT INTO `encours` VALUES ('335', '2019-08-31', '40000', '400000', '833993', 'AVANCE SCOLAIRE CCT           ', '400000', '70821260');
INSERT INTO `encours` VALUES ('336', '2019-08-31', '53720', '6000000', '824640', 'IMMOBILIER 1ERE HABITATION CLT', '2533571', '70818942');
INSERT INTO `encours` VALUES ('337', '2019-08-31', '56545', '3000000', '831684', 'ACHAT EQUIPEMENT CMT PERS PHY ', '2270990', '70818942');
INSERT INTO `encours` VALUES ('338', '2019-08-31', '20000', '200000', '834059', 'AVANCE SCOLAIRE CCT           ', '200000', '70821081');
INSERT INTO `encours` VALUES ('339', '2019-08-31', '37697', '2000000', '832314', 'ACHAT EQUIPEMENT CMT PERS PHY ', '1638510', '70821081');
INSERT INTO `encours` VALUES ('340', '2019-08-31', '45000', '450000', '833978', 'AVANCE SCOLAIRE CCT           ', '450000', '70820795');
INSERT INTO `encours` VALUES ('341', '2019-08-31', '70000', '700000', '834100', 'AVANCE SCOLAIRE CCT           ', '700000', '10806680');
INSERT INTO `encours` VALUES ('342', '2019-08-31', '92027', '4000000', '829002', 'ACHAT EQUIPEMENT CMT PERS PHY ', '364322', '10806680');
INSERT INTO `encours` VALUES ('343', '2019-08-31', '65000', '650000', '833982', 'AVANCE SCOLAIRE CCT           ', '650000', '10810884');
INSERT INTO `encours` VALUES ('344', '2019-08-31', '140026', '13600000', '833642', 'IMMOBILIER 1ERE HABITATION CLT', '13151519', '10810884');
INSERT INTO `encours` VALUES ('345', '2019-08-31', '100000', '1000000', '833984', 'AVANCE SCOLAIRE CCT           ', '1000000', '10701266');
INSERT INTO `encours` VALUES ('346', '2019-08-31', '30000', '300000', '834085', 'AVANCE SCOLAIRE CCT           ', '300000', '10804859');
INSERT INTO `encours` VALUES ('347', '2019-08-31', '97328', '8500000', '833646', 'IMMOBILIER 1ERE HABITATION CLT', '8170272', '10804859');
INSERT INTO `encours` VALUES ('348', '2019-08-31', '20000', '200000', '834004', 'AVANCE SCOLAIRE CCT           ', '200000', '10814098');
INSERT INTO `encours` VALUES ('349', '2019-08-31', '47121', '2500000', '832266', 'ACHAT EQUIPEMENT CMT PERS PHY ', '2048140', '10814098');
INSERT INTO `encours` VALUES ('350', '2019-08-31', '40000', '400000', '834032', 'AVANCE SCOLAIRE CCT           ', '400000', '10811102');
INSERT INTO `encours` VALUES ('351', '2019-08-31', '71216', '2500000', '833628', 'ACHAT EQUIPEMENT CMT PERS PHY ', '2192962', '10811102');

-- ----------------------------
-- Table structure for `garantie`
-- ----------------------------
DROP TABLE IF EXISTS `garantie`;
CREATE TABLE `garantie` (
  `idGarantie` int(11) NOT NULL AUTO_INCREMENT,
  `libGarantie` longtext,
  PRIMARY KEY (`idGarantie`)
) ENGINE=InnoDB AUTO_INCREMENT=15 DEFAULT CHARSET=utf8;

-- ----------------------------
-- Records of garantie
-- ----------------------------
INSERT INTO `garantie` VALUES ('2', 'Hypothèque');
INSERT INTO `garantie` VALUES ('12', 'Assurance décès');
INSERT INTO `garantie` VALUES ('13', 'Assurance automobile');
INSERT INTO `garantie` VALUES ('14', 'Assurance invalidité et perte d\'emploi');

-- ----------------------------
-- Table structure for `menu`
-- ----------------------------
DROP TABLE IF EXISTS `menu`;
CREATE TABLE `menu` (
  `MENU_ID` int(11) NOT NULL AUTO_INCREMENT,
  `ACTIVE` varchar(255) DEFAULT NULL,
  `MENU_DESC` varchar(255) DEFAULT NULL,
  PRIMARY KEY (`MENU_ID`)
) ENGINE=InnoDB AUTO_INCREMENT=5 DEFAULT CHARSET=utf8;

-- ----------------------------
-- Records of menu
-- ----------------------------
INSERT INTO `menu` VALUES ('1', 'actif', 'ADMINISTRATION');
INSERT INTO `menu` VALUES ('2', 'actif', 'DEMANDES');
INSERT INTO `menu` VALUES ('3', 'actif', 'SUIVI DES DEMANDES');
INSERT INTO `menu` VALUES ('4', 'actif', 'EDITION ETATS');

-- ----------------------------
-- Table structure for `objet`
-- ----------------------------
DROP TABLE IF EXISTS `objet`;
CREATE TABLE `objet` (
  `idObjet` int(11) NOT NULL AUTO_INCREMENT,
  `libObjet` longtext,
  `idType` int(11) DEFAULT NULL,
  PRIMARY KEY (`idObjet`),
  KEY `FK_objet_idType` (`idType`),
  CONSTRAINT `FK_objet_idType` FOREIGN KEY (`idType`) REFERENCES `typecredit` (`idType`)
) ENGINE=InnoDB AUTO_INCREMENT=7 DEFAULT CHARSET=utf8;

-- ----------------------------
-- Records of objet
-- ----------------------------
INSERT INTO `objet` VALUES ('1', 'Construction', '9');
INSERT INTO `objet` VALUES ('2', 'Dépannage', '3');
INSERT INTO `objet` VALUES ('3', 'Avance Scolaire', '1');
INSERT INTO `objet` VALUES ('4', 'Prêt équipement', '4');
INSERT INTO `objet` VALUES ('5', 'Achat voiture', '5');
INSERT INTO `objet` VALUES ('6', 'Achat terrain', '7');

-- ----------------------------
-- Table structure for `periodes`
-- ----------------------------
DROP TABLE IF EXISTS `periodes`;
CREATE TABLE `periodes` (
  `idperiode` int(11) NOT NULL AUTO_INCREMENT,
  `date` date DEFAULT NULL,
  `lib` varchar(100) DEFAULT NULL,
  `fermeture` varchar(50) DEFAULT NULL,
  PRIMARY KEY (`idperiode`)
) ENGINE=InnoDB DEFAULT CHARSET=utf8;

-- ----------------------------
-- Records of periodes
-- ----------------------------

-- ----------------------------
-- Table structure for `poste`
-- ----------------------------
DROP TABLE IF EXISTS `poste`;
CREATE TABLE `poste` (
  `idPoste` int(11) NOT NULL AUTO_INCREMENT,
  `libPoste` longtext,
  PRIMARY KEY (`idPoste`)
) ENGINE=InnoDB AUTO_INCREMENT=5 DEFAULT CHARSET=utf8;

-- ----------------------------
-- Records of poste
-- ----------------------------
INSERT INTO `poste` VALUES ('1', 'DRH');
INSERT INTO `poste` VALUES ('2', 'DSI');
INSERT INTO `poste` VALUES ('3', 'Caissière');
INSERT INTO `poste` VALUES ('4', 'Comptable');

-- ----------------------------
-- Table structure for `profil`
-- ----------------------------
DROP TABLE IF EXISTS `profil`;
CREATE TABLE `profil` (
  `PROFIL_ID` int(11) NOT NULL AUTO_INCREMENT,
  `ACTIVE` varchar(255) DEFAULT NULL,
  `PROFIL_DESC` varchar(255) DEFAULT NULL,
  PRIMARY KEY (`PROFIL_ID`)
) ENGINE=InnoDB AUTO_INCREMENT=3 DEFAULT CHARSET=utf8;

-- ----------------------------
-- Records of profil
-- ----------------------------
INSERT INTO `profil` VALUES ('1', 'actif', 'AGENT');
INSERT INTO `profil` VALUES ('2', 'actif', 'Administrateur');

-- ----------------------------
-- Table structure for `sous_menu`
-- ----------------------------
DROP TABLE IF EXISTS `sous_menu`;
CREATE TABLE `sous_menu` (
  `MENU_ITEM_ID` int(11) NOT NULL AUTO_INCREMENT,
  `ACTIVE` varchar(255) DEFAULT NULL,
  `DATE_CREATION` datetime DEFAULT NULL,
  `MENU_ITEM_DESC` varchar(255) DEFAULT NULL,
  `NUM_ORDRE` int(11) DEFAULT NULL,
  `MENU_ID` int(11) DEFAULT NULL,
  PRIMARY KEY (`MENU_ITEM_ID`),
  KEY `FK_SOUS_MENU_MENU_ID` (`MENU_ID`),
  CONSTRAINT `FK_SOUS_MENU_MENU_ID` FOREIGN KEY (`MENU_ID`) REFERENCES `menu` (`MENU_ID`)
) ENGINE=InnoDB AUTO_INCREMENT=15 DEFAULT CHARSET=utf8;

-- ----------------------------
-- Records of sous_menu
-- ----------------------------
INSERT INTO `sous_menu` VALUES ('1', 'actif', '2019-09-03 17:59:40', 'USERS', '1', '1');
INSERT INTO `sous_menu` VALUES ('2', 'actif', '2019-09-03 17:59:40', 'PROFIL', '2', '1');
INSERT INTO `sous_menu` VALUES ('3', 'actif', '2019-09-03 17:59:40', 'HABILITATIONS', '3', '1');
INSERT INTO `sous_menu` VALUES ('4', 'actif', '2019-09-03 17:59:40', 'SYSLOG', '4', '1');
INSERT INTO `sous_menu` VALUES ('5', 'actif', '2019-09-03 17:59:40', 'MENUS', '5', '1');
INSERT INTO `sous_menu` VALUES ('6', 'actif', '2019-09-03 17:59:40', 'NOUVELLE DEMANDE', '1', '2');
INSERT INTO `sous_menu` VALUES ('7', 'actif', '2019-09-03 17:59:40', 'ANNULER DEMANDE', '2', '2');
INSERT INTO `sous_menu` VALUES ('8', 'actif', '2019-09-03 17:59:40', 'MISE A JOUR DES DEMANDES', '1', '3');
INSERT INTO `sous_menu` VALUES ('9', 'actif', '2019-09-03 17:59:40', 'SITUATION DES DEMANDES', '2', '3');
INSERT INTO `sous_menu` VALUES ('10', 'actif', '2019-09-03 17:59:40', 'DECAISSEMENT DES PRÊTS', '3', '3');
INSERT INTO `sous_menu` VALUES ('11', 'actif', '2019-09-03 17:59:40', 'APPROBATION SYSTEMATIQUE', '1', '4');
INSERT INTO `sous_menu` VALUES ('12', 'actif', '2019-09-03 17:59:40', 'DEMANDES EN COMITE', '2', '4');
INSERT INTO `sous_menu` VALUES ('13', 'actif', '2019-09-03 17:59:40', 'SITUATION DES DECAISSEMENTS', '3', '4');
INSERT INTO `sous_menu` VALUES ('14', 'actif', '2019-09-03 17:59:40', 'FICHE DE COMITE', '4', '4');

-- ----------------------------
-- Table structure for `sys_log`
-- ----------------------------
DROP TABLE IF EXISTS `sys_log`;
CREATE TABLE `sys_log` (
  `LOGID` int(11) NOT NULL AUTO_INCREMENT,
  `LOG_DATE` datetime DEFAULT NULL,
  `LOG_DESC` varchar(255) DEFAULT NULL,
  `IDUSER` int(11) DEFAULT NULL,
  `typeOperId` int(11) DEFAULT NULL,
  PRIMARY KEY (`LOGID`),
  KEY `FK_SYS_LOG_typeOperId` (`typeOperId`),
  KEY `FK_SYS_LOG_IDUSER` (`IDUSER`),
  CONSTRAINT `FK_SYS_LOG_IDUSER` FOREIGN KEY (`IDUSER`) REFERENCES `utilisateurs` (`IDUSER`),
  CONSTRAINT `FK_SYS_LOG_typeOperId` FOREIGN KEY (`typeOperId`) REFERENCES `type_oper` (`TYPEOPERID`)
) ENGINE=InnoDB AUTO_INCREMENT=146 DEFAULT CHARSET=utf8;

-- ----------------------------
-- Records of sys_log
-- ----------------------------
INSERT INTO `sys_log` VALUES ('1', '2019-09-03 18:03:38', 'ADRESSE IP UTILISEE 0:0:0:0:0:0:0:1', '1', '1');
INSERT INTO `sys_log` VALUES ('2', '2019-09-03 18:12:14', 'ADRESSE IP UTILISEE 0:0:0:0:0:0:0:1', '1', '1');
INSERT INTO `sys_log` VALUES ('3', '2019-09-03 18:52:08', 'ADRESSE IP UTILISEE 0:0:0:0:0:0:0:1', '1', '1');
INSERT INTO `sys_log` VALUES ('4', '2019-09-03 20:10:47', 'ADRESSE IP UTILISEE 0:0:0:0:0:0:0:1', '1', '1');
INSERT INTO `sys_log` VALUES ('5', '2019-09-04 18:13:50', 'ADRESSE IP UTILISEE 0:0:0:0:0:0:0:1', '1', '1');
INSERT INTO `sys_log` VALUES ('6', '2019-09-04 18:21:00', 'ADRESSE IP UTILISEE 0:0:0:0:0:0:0:1', '1', '1');
INSERT INTO `sys_log` VALUES ('7', '2019-09-04 19:10:23', 'ADRESSE IP UTILISEE 0:0:0:0:0:0:0:1', '1', '1');
INSERT INTO `sys_log` VALUES ('8', '2019-09-04 19:27:15', 'ADRESSE IP UTILISEE 0:0:0:0:0:0:0:1', '1', '1');
INSERT INTO `sys_log` VALUES ('9', '2019-09-04 19:57:26', 'ADRESSE IP UTILISEE 0:0:0:0:0:0:0:1', '1', '1');
INSERT INTO `sys_log` VALUES ('10', '2019-09-05 11:35:06', 'ADRESSE IP UTILISEE 0:0:0:0:0:0:0:1', '1', '1');
INSERT INTO `sys_log` VALUES ('11', '2019-09-05 11:55:34', 'ADRESSE IP UTILISEE 0:0:0:0:0:0:0:1', '1', '1');
INSERT INTO `sys_log` VALUES ('12', '2019-09-05 12:05:00', 'ADRESSE IP UTILISEE 0:0:0:0:0:0:0:1', '1', '1');
INSERT INTO `sys_log` VALUES ('13', '2019-09-05 12:34:09', 'ADRESSE IP UTILISEE 0:0:0:0:0:0:0:1', '1', '1');
INSERT INTO `sys_log` VALUES ('14', '2019-09-05 12:53:32', 'ADRESSE IP UTILISEE 0:0:0:0:0:0:0:1', '1', '1');
INSERT INTO `sys_log` VALUES ('15', '2019-09-05 12:59:33', 'ADRESSE IP UTILISEE 0:0:0:0:0:0:0:1', '1', '1');
INSERT INTO `sys_log` VALUES ('16', '2019-09-05 13:06:21', 'ADRESSE IP UTILISEE 0:0:0:0:0:0:0:1', '1', '1');
INSERT INTO `sys_log` VALUES ('17', '2019-09-05 13:41:53', 'ADRESSE IP UTILISEE 0:0:0:0:0:0:0:1', '1', '1');
INSERT INTO `sys_log` VALUES ('18', '2019-09-05 13:56:50', 'ADRESSE IP UTILISEE 0:0:0:0:0:0:0:1', '1', '1');
INSERT INTO `sys_log` VALUES ('19', '2019-09-05 14:03:04', 'ADRESSE IP UTILISEE 0:0:0:0:0:0:0:1', '1', '1');
INSERT INTO `sys_log` VALUES ('20', '2019-09-05 14:06:20', 'ADRESSE IP UTILISEE 0:0:0:0:0:0:0:1', '1', '1');
INSERT INTO `sys_log` VALUES ('21', '2019-09-05 14:08:41', 'ADRESSE IP UTILISEE 0:0:0:0:0:0:0:1', '1', '1');
INSERT INTO `sys_log` VALUES ('22', '2019-09-05 20:11:26', 'ADRESSE IP UTILISEE 0:0:0:0:0:0:0:1', '1', '1');
INSERT INTO `sys_log` VALUES ('23', '2019-09-05 20:42:31', 'ADRESSE IP UTILISEE 0:0:0:0:0:0:0:1', '1', '1');
INSERT INTO `sys_log` VALUES ('24', '2019-09-05 20:47:45', 'ADRESSE IP UTILISEE 0:0:0:0:0:0:0:1', '1', '1');
INSERT INTO `sys_log` VALUES ('25', '2019-09-05 21:09:59', 'ADRESSE IP UTILISEE 0:0:0:0:0:0:0:1', '1', '1');
INSERT INTO `sys_log` VALUES ('26', '2019-09-05 21:12:50', 'ADRESSE IP UTILISEE 0:0:0:0:0:0:0:1', '1', '1');
INSERT INTO `sys_log` VALUES ('27', '2019-09-05 21:22:34', 'ADRESSE IP UTILISEE 0:0:0:0:0:0:0:1', '1', '1');
INSERT INTO `sys_log` VALUES ('28', '2019-09-05 21:25:01', 'ADRESSE IP UTILISEE 0:0:0:0:0:0:0:1', '1', '1');
INSERT INTO `sys_log` VALUES ('29', '2019-09-05 21:37:25', 'ADRESSE IP UTILISEE 0:0:0:0:0:0:0:1', '1', '1');
INSERT INTO `sys_log` VALUES ('30', '2019-09-05 21:46:39', 'ADRESSE IP UTILISEE 0:0:0:0:0:0:0:1', '1', '1');
INSERT INTO `sys_log` VALUES ('31', '2019-09-05 22:09:57', 'ADRESSE IP UTILISEE 0:0:0:0:0:0:0:1', '1', '1');
INSERT INTO `sys_log` VALUES ('32', '2019-09-05 22:16:23', 'ADRESSE IP UTILISEE 0:0:0:0:0:0:0:1', '1', '1');
INSERT INTO `sys_log` VALUES ('33', '2019-09-05 22:19:20', 'ADRESSE IP UTILISEE 0:0:0:0:0:0:0:1', '1', '1');
INSERT INTO `sys_log` VALUES ('34', '2019-09-05 22:24:58', 'ADRESSE IP UTILISEE 0:0:0:0:0:0:0:1', '1', '1');
INSERT INTO `sys_log` VALUES ('35', '2019-09-05 22:28:04', 'ADRESSE IP UTILISEE 0:0:0:0:0:0:0:1', '1', '1');
INSERT INTO `sys_log` VALUES ('36', '2019-09-05 22:47:36', 'ADRESSE IP UTILISEE 0:0:0:0:0:0:0:1', '1', '1');
INSERT INTO `sys_log` VALUES ('37', '2019-09-05 23:00:52', 'ADRESSE IP UTILISEE 0:0:0:0:0:0:0:1', '1', '1');
INSERT INTO `sys_log` VALUES ('38', '2019-09-06 08:53:14', 'ADRESSE IP UTILISEE 0:0:0:0:0:0:0:1', '1', '1');
INSERT INTO `sys_log` VALUES ('39', '2019-09-06 08:58:42', 'ADRESSE IP UTILISEE 0:0:0:0:0:0:0:1', '1', '1');
INSERT INTO `sys_log` VALUES ('40', '2019-09-06 11:39:37', 'ADRESSE IP UTILISEE 0:0:0:0:0:0:0:1', '1', '1');
INSERT INTO `sys_log` VALUES ('41', '2019-09-06 11:45:01', 'ADRESSE IP UTILISEE 0:0:0:0:0:0:0:1', '1', '1');
INSERT INTO `sys_log` VALUES ('42', '2019-09-06 11:52:18', 'ADRESSE IP UTILISEE 0:0:0:0:0:0:0:1', '1', '1');
INSERT INTO `sys_log` VALUES ('43', '2019-09-06 12:01:18', 'ADRESSE IP UTILISEE 0:0:0:0:0:0:0:1', '1', '1');
INSERT INTO `sys_log` VALUES ('44', '2019-09-06 12:03:15', 'ADRESSE IP UTILISEE 0:0:0:0:0:0:0:1', '1', '1');
INSERT INTO `sys_log` VALUES ('45', '2019-09-06 12:06:15', 'ADRESSE IP UTILISEE 0:0:0:0:0:0:0:1', '1', '1');
INSERT INTO `sys_log` VALUES ('46', '2019-09-06 12:08:54', 'ADRESSE IP UTILISEE 0:0:0:0:0:0:0:1', '1', '1');
INSERT INTO `sys_log` VALUES ('47', '2019-09-06 12:29:26', 'ADRESSE IP UTILISEE 0:0:0:0:0:0:0:1', '1', '1');
INSERT INTO `sys_log` VALUES ('48', '2019-09-06 12:38:08', 'ADRESSE IP UTILISEE 0:0:0:0:0:0:0:1', '1', '1');
INSERT INTO `sys_log` VALUES ('49', '2019-09-06 12:39:50', 'ADRESSE IP UTILISEE 0:0:0:0:0:0:0:1', '1', '1');
INSERT INTO `sys_log` VALUES ('50', '2019-09-06 12:57:44', 'ADRESSE IP UTILISEE 0:0:0:0:0:0:0:1', '1', '1');
INSERT INTO `sys_log` VALUES ('51', '2019-09-06 13:16:31', 'ADRESSE IP UTILISEE 0:0:0:0:0:0:0:1', '1', '1');
INSERT INTO `sys_log` VALUES ('52', '2019-09-06 13:28:46', 'ADRESSE IP UTILISEE 0:0:0:0:0:0:0:1', '1', '1');
INSERT INTO `sys_log` VALUES ('53', '2019-09-06 13:36:57', 'ADRESSE IP UTILISEE 0:0:0:0:0:0:0:1', '1', '1');
INSERT INTO `sys_log` VALUES ('54', '2019-09-06 13:52:34', 'ADRESSE IP UTILISEE 0:0:0:0:0:0:0:1', '1', '1');
INSERT INTO `sys_log` VALUES ('55', '2019-09-06 14:02:50', 'ADRESSE IP UTILISEE 0:0:0:0:0:0:0:1', '1', '1');
INSERT INTO `sys_log` VALUES ('56', '2019-09-06 17:04:08', 'ADRESSE IP UTILISEE 0:0:0:0:0:0:0:1', '1', '1');
INSERT INTO `sys_log` VALUES ('57', '2019-09-06 17:30:38', 'ADRESSE IP UTILISEE 0:0:0:0:0:0:0:1', '1', '1');
INSERT INTO `sys_log` VALUES ('58', '2019-09-06 18:03:40', 'ADRESSE IP UTILISEE 0:0:0:0:0:0:0:1', '1', '1');
INSERT INTO `sys_log` VALUES ('59', '2019-09-06 18:10:38', 'ADRESSE IP UTILISEE 0:0:0:0:0:0:0:1', '1', '1');
INSERT INTO `sys_log` VALUES ('60', '2019-09-06 18:13:51', 'ADRESSE IP UTILISEE 0:0:0:0:0:0:0:1', '1', '1');
INSERT INTO `sys_log` VALUES ('61', '2019-09-06 18:17:47', 'ADRESSE IP UTILISEE 0:0:0:0:0:0:0:1', '1', '1');
INSERT INTO `sys_log` VALUES ('62', '2019-09-06 18:25:43', 'ADRESSE IP UTILISEE 0:0:0:0:0:0:0:1', '1', '1');
INSERT INTO `sys_log` VALUES ('63', '2019-09-06 18:39:39', 'ADRESSE IP UTILISEE 0:0:0:0:0:0:0:1', '1', '1');
INSERT INTO `sys_log` VALUES ('64', '2019-09-06 18:55:02', 'ADRESSE IP UTILISEE 0:0:0:0:0:0:0:1', '1', '1');
INSERT INTO `sys_log` VALUES ('65', '2019-09-06 20:40:41', 'ADRESSE IP UTILISEE 0:0:0:0:0:0:0:1', '1', '1');
INSERT INTO `sys_log` VALUES ('66', '2019-09-06 21:33:40', 'ADRESSE IP UTILISEE 0:0:0:0:0:0:0:1', '1', '1');
INSERT INTO `sys_log` VALUES ('67', '2019-09-07 14:53:43', 'ADRESSE IP UTILISEE 0:0:0:0:0:0:0:1', '1', '1');
INSERT INTO `sys_log` VALUES ('68', '2019-09-07 15:05:39', 'ADRESSE IP UTILISEE 0:0:0:0:0:0:0:1', '1', '1');
INSERT INTO `sys_log` VALUES ('69', '2019-09-07 15:06:55', 'ADRESSE IP UTILISEE 0:0:0:0:0:0:0:1', '1', '1');
INSERT INTO `sys_log` VALUES ('70', '2019-09-07 15:11:35', 'ADRESSE IP UTILISEE 0:0:0:0:0:0:0:1', '1', '1');
INSERT INTO `sys_log` VALUES ('71', '2019-09-07 16:00:21', 'ADRESSE IP UTILISEE 0:0:0:0:0:0:0:1', '1', '1');
INSERT INTO `sys_log` VALUES ('72', '2019-09-07 16:02:00', 'ADRESSE IP UTILISEE 0:0:0:0:0:0:0:1', '1', '1');
INSERT INTO `sys_log` VALUES ('73', '2019-09-07 16:26:23', 'ADRESSE IP UTILISEE 0:0:0:0:0:0:0:1', '1', '1');
INSERT INTO `sys_log` VALUES ('74', '2019-09-07 16:28:46', 'ADRESSE IP UTILISEE 0:0:0:0:0:0:0:1', '1', '1');
INSERT INTO `sys_log` VALUES ('75', '2019-09-07 16:35:29', 'ADRESSE IP UTILISEE 0:0:0:0:0:0:0:1', '1', '1');
INSERT INTO `sys_log` VALUES ('76', '2019-09-07 16:41:51', 'ADRESSE IP UTILISEE 0:0:0:0:0:0:0:1', '1', '1');
INSERT INTO `sys_log` VALUES ('77', '2019-09-07 16:54:55', 'ADRESSE IP UTILISEE 0:0:0:0:0:0:0:1', '1', '1');
INSERT INTO `sys_log` VALUES ('78', '2019-09-07 17:00:23', 'ADRESSE IP UTILISEE 0:0:0:0:0:0:0:1', '1', '1');
INSERT INTO `sys_log` VALUES ('79', '2019-09-07 17:10:30', 'ADRESSE IP UTILISEE 0:0:0:0:0:0:0:1', '1', '1');
INSERT INTO `sys_log` VALUES ('80', '2019-09-07 17:31:10', 'ADRESSE IP UTILISEE 0:0:0:0:0:0:0:1', '1', '1');
INSERT INTO `sys_log` VALUES ('81', '2019-09-07 17:43:20', 'ADRESSE IP UTILISEE 0:0:0:0:0:0:0:1', '1', '1');
INSERT INTO `sys_log` VALUES ('82', '2019-09-07 17:50:23', 'ADRESSE IP UTILISEE 0:0:0:0:0:0:0:1', '1', '1');
INSERT INTO `sys_log` VALUES ('83', '2019-09-07 17:52:40', 'ADRESSE IP UTILISEE 0:0:0:0:0:0:0:1', '1', '1');
INSERT INTO `sys_log` VALUES ('84', '2019-09-07 17:54:10', 'ADRESSE IP UTILISEE 0:0:0:0:0:0:0:1', '1', '1');
INSERT INTO `sys_log` VALUES ('85', '2019-09-07 17:56:16', 'ADRESSE IP UTILISEE 0:0:0:0:0:0:0:1', '1', '1');
INSERT INTO `sys_log` VALUES ('86', '2019-09-07 18:19:34', 'ADRESSE IP UTILISEE 0:0:0:0:0:0:0:1', '1', '1');
INSERT INTO `sys_log` VALUES ('87', '2019-09-07 18:32:08', 'ADRESSE IP UTILISEE 0:0:0:0:0:0:0:1', '1', '1');
INSERT INTO `sys_log` VALUES ('88', '2019-09-07 18:40:56', 'ADRESSE IP UTILISEE 0:0:0:0:0:0:0:1', '1', '1');
INSERT INTO `sys_log` VALUES ('89', '2019-09-07 18:45:20', 'ADRESSE IP UTILISEE 0:0:0:0:0:0:0:1', '1', '1');
INSERT INTO `sys_log` VALUES ('90', '2019-09-07 18:50:28', 'ADRESSE IP UTILISEE 0:0:0:0:0:0:0:1', '1', '1');
INSERT INTO `sys_log` VALUES ('91', '2019-09-07 18:53:06', 'ADRESSE IP UTILISEE 0:0:0:0:0:0:0:1', '1', '1');
INSERT INTO `sys_log` VALUES ('92', '2019-09-07 19:54:31', 'ADRESSE IP UTILISEE 0:0:0:0:0:0:0:1', '1', '1');
INSERT INTO `sys_log` VALUES ('93', '2019-09-07 20:14:00', 'ADRESSE IP UTILISEE 0:0:0:0:0:0:0:1', '1', '1');
INSERT INTO `sys_log` VALUES ('94', '2019-09-07 20:29:38', 'ADRESSE IP UTILISEE 0:0:0:0:0:0:0:1', '1', '1');
INSERT INTO `sys_log` VALUES ('95', '2019-09-07 20:37:14', 'ADRESSE IP UTILISEE 0:0:0:0:0:0:0:1', '1', '1');
INSERT INTO `sys_log` VALUES ('96', '2019-09-07 20:39:55', 'ADRESSE IP UTILISEE 0:0:0:0:0:0:0:1', '1', '1');
INSERT INTO `sys_log` VALUES ('97', '2019-09-07 20:43:54', 'ADRESSE IP UTILISEE 0:0:0:0:0:0:0:1', '1', '1');
INSERT INTO `sys_log` VALUES ('98', '2019-09-08 14:10:50', 'ADRESSE IP UTILISEE 0:0:0:0:0:0:0:1', '1', '1');
INSERT INTO `sys_log` VALUES ('99', '2019-09-08 14:32:48', 'ADRESSE IP UTILISEE 0:0:0:0:0:0:0:1', '1', '1');
INSERT INTO `sys_log` VALUES ('100', '2019-09-08 14:35:28', 'ADRESSE IP UTILISEE 0:0:0:0:0:0:0:1', '1', '1');
INSERT INTO `sys_log` VALUES ('101', '2019-09-08 14:37:32', 'ADRESSE IP UTILISEE 0:0:0:0:0:0:0:1', '1', '1');
INSERT INTO `sys_log` VALUES ('102', '2019-09-08 14:42:23', 'ADRESSE IP UTILISEE 0:0:0:0:0:0:0:1', '1', '1');
INSERT INTO `sys_log` VALUES ('103', '2019-09-08 14:45:42', 'ADRESSE IP UTILISEE 0:0:0:0:0:0:0:1', '1', '1');
INSERT INTO `sys_log` VALUES ('104', '2019-09-08 14:50:03', 'ADRESSE IP UTILISEE 0:0:0:0:0:0:0:1', '1', '1');
INSERT INTO `sys_log` VALUES ('105', '2019-09-08 15:08:11', 'ADRESSE IP UTILISEE 0:0:0:0:0:0:0:1', '1', '1');
INSERT INTO `sys_log` VALUES ('106', '2019-09-08 16:39:08', 'ADRESSE IP UTILISEE 0:0:0:0:0:0:0:1', '1', '1');
INSERT INTO `sys_log` VALUES ('107', '2019-09-08 19:20:43', 'ADRESSE IP UTILISEE 0:0:0:0:0:0:0:1', '1', '1');
INSERT INTO `sys_log` VALUES ('108', '2019-09-08 19:31:19', 'ADRESSE IP UTILISEE 0:0:0:0:0:0:0:1', '1', '1');
INSERT INTO `sys_log` VALUES ('109', '2019-09-08 19:50:23', 'ADRESSE IP UTILISEE 0:0:0:0:0:0:0:1', '1', '1');
INSERT INTO `sys_log` VALUES ('110', '2019-09-08 19:53:45', 'ADRESSE IP UTILISEE 0:0:0:0:0:0:0:1', '1', '1');
INSERT INTO `sys_log` VALUES ('111', '2019-09-08 19:56:44', 'ADRESSE IP UTILISEE 0:0:0:0:0:0:0:1', '1', '1');
INSERT INTO `sys_log` VALUES ('112', '2019-09-09 11:29:18', 'ADRESSE IP UTILISEE 0:0:0:0:0:0:0:1', '1', '1');
INSERT INTO `sys_log` VALUES ('113', '2019-09-09 12:17:45', 'ADRESSE IP UTILISEE 0:0:0:0:0:0:0:1', '1', '1');
INSERT INTO `sys_log` VALUES ('114', '2019-09-09 13:01:00', 'ADRESSE IP UTILISEE 0:0:0:0:0:0:0:1', '1', '1');
INSERT INTO `sys_log` VALUES ('115', '2019-09-09 13:09:52', 'ADRESSE IP UTILISEE 0:0:0:0:0:0:0:1', '1', '1');
INSERT INTO `sys_log` VALUES ('116', '2019-09-09 13:12:06', 'ADRESSE IP UTILISEE 0:0:0:0:0:0:0:1', '1', '1');
INSERT INTO `sys_log` VALUES ('117', '2019-09-09 13:18:52', 'ADRESSE IP UTILISEE 0:0:0:0:0:0:0:1', '1', '1');
INSERT INTO `sys_log` VALUES ('118', '2019-09-09 13:27:18', 'ADRESSE IP UTILISEE 0:0:0:0:0:0:0:1', '1', '1');
INSERT INTO `sys_log` VALUES ('119', '2019-09-09 13:52:04', 'ADRESSE IP UTILISEE 0:0:0:0:0:0:0:1', '1', '1');
INSERT INTO `sys_log` VALUES ('120', '2019-09-09 20:27:00', 'ADRESSE IP UTILISEE 0:0:0:0:0:0:0:1', '1', '1');
INSERT INTO `sys_log` VALUES ('121', '2019-09-10 14:23:19', 'ADRESSE IP UTILISEE 0:0:0:0:0:0:0:1', '1', '1');
INSERT INTO `sys_log` VALUES ('122', '2019-09-11 20:34:59', 'ADRESSE IP UTILISEE 0:0:0:0:0:0:0:1', '1', '1');
INSERT INTO `sys_log` VALUES ('123', '2019-09-11 20:38:15', 'ADRESSE IP UTILISEE 0:0:0:0:0:0:0:1', '1', '1');
INSERT INTO `sys_log` VALUES ('124', '2019-09-11 20:43:47', 'ADRESSE IP UTILISEE 0:0:0:0:0:0:0:1', '1', '1');
INSERT INTO `sys_log` VALUES ('125', '2019-09-11 20:49:10', 'ADRESSE IP UTILISEE 0:0:0:0:0:0:0:1', '1', '1');
INSERT INTO `sys_log` VALUES ('126', '2019-09-11 20:52:29', 'ADRESSE IP UTILISEE 0:0:0:0:0:0:0:1', '1', '1');
INSERT INTO `sys_log` VALUES ('127', '2019-09-12 10:36:52', 'ADRESSE IP UTILISEE 0:0:0:0:0:0:0:1', '1', '1');
INSERT INTO `sys_log` VALUES ('128', '2019-09-12 10:48:42', 'ADRESSE IP UTILISEE 0:0:0:0:0:0:0:1', '1', '1');
INSERT INTO `sys_log` VALUES ('129', '2019-09-12 11:00:12', 'ADRESSE IP UTILISEE 0:0:0:0:0:0:0:1', '1', '1');
INSERT INTO `sys_log` VALUES ('130', '2019-09-12 11:15:10', 'ADRESSE IP UTILISEE 0:0:0:0:0:0:0:1', '1', '1');
INSERT INTO `sys_log` VALUES ('131', '2019-09-12 11:34:28', 'ADRESSE IP UTILISEE 0:0:0:0:0:0:0:1', '1', '1');
INSERT INTO `sys_log` VALUES ('132', '2019-09-12 11:49:42', 'ADRESSE IP UTILISEE 0:0:0:0:0:0:0:1', '1', '1');
INSERT INTO `sys_log` VALUES ('133', '2019-09-12 11:53:25', 'ADRESSE IP UTILISEE 0:0:0:0:0:0:0:1', '1', '1');
INSERT INTO `sys_log` VALUES ('134', '2019-09-12 12:07:39', 'ADRESSE IP UTILISEE 0:0:0:0:0:0:0:1', '1', '1');
INSERT INTO `sys_log` VALUES ('135', '2019-09-12 14:08:41', 'ADRESSE IP UTILISEE 0:0:0:0:0:0:0:1', '1', '1');
INSERT INTO `sys_log` VALUES ('136', '2019-09-12 14:11:19', 'ADRESSE IP UTILISEE 0:0:0:0:0:0:0:1', '2', '1');
INSERT INTO `sys_log` VALUES ('137', '2019-09-12 14:11:51', 'ADRESSE IP UTILISEE 0:0:0:0:0:0:0:1', '2', '1');
INSERT INTO `sys_log` VALUES ('138', '2019-09-12 14:14:41', 'ADRESSE IP UTILISEE 10.102.162.36', '1', '1');
INSERT INTO `sys_log` VALUES ('139', '2019-09-12 14:58:57', 'ADRESSE IP UTILISEE 0:0:0:0:0:0:0:1', '2', '1');
INSERT INTO `sys_log` VALUES ('140', '2019-09-12 15:14:56', 'ADRESSE IP UTILISEE 0:0:0:0:0:0:0:1', '2', '1');
INSERT INTO `sys_log` VALUES ('141', '2019-09-12 15:33:54', 'ADRESSE IP UTILISEE 0:0:0:0:0:0:0:1', '1', '1');
INSERT INTO `sys_log` VALUES ('142', '2019-09-12 15:56:29', 'ADRESSE IP UTILISEE 0:0:0:0:0:0:0:1', '1', '1');
INSERT INTO `sys_log` VALUES ('143', '2019-09-12 16:03:27', 'ADRESSE IP UTILISEE 0:0:0:0:0:0:0:1', '1', '1');
INSERT INTO `sys_log` VALUES ('144', '2019-09-12 16:24:01', 'ADRESSE IP UTILISEE 0:0:0:0:0:0:0:1', '1', '1');
INSERT INTO `sys_log` VALUES ('145', '2019-09-12 17:47:51', 'ADRESSE IP UTILISEE 0:0:0:0:0:0:0:1', '1', '1');

-- ----------------------------
-- Table structure for `typecredit`
-- ----------------------------
DROP TABLE IF EXISTS `typecredit`;
CREATE TABLE `typecredit` (
  `idType` int(11) NOT NULL AUTO_INCREMENT,
  `duree` int(11) DEFAULT NULL,
  `nature` varchar(255) DEFAULT NULL,
  PRIMARY KEY (`idType`)
) ENGINE=InnoDB AUTO_INCREMENT=10 DEFAULT CHARSET=utf8;

-- ----------------------------
-- Records of typecredit
-- ----------------------------
INSERT INTO `typecredit` VALUES ('1', '10', 'CCT AS');
INSERT INTO `typecredit` VALUES ('3', '18', 'CCT DEP');
INSERT INTO `typecredit` VALUES ('4', '24', 'CCT EQUIP');
INSERT INTO `typecredit` VALUES ('5', '60', 'CMT ');
INSERT INTO `typecredit` VALUES ('6', '180', 'CLT');
INSERT INTO `typecredit` VALUES ('7', '84', 'CMT TERRAIN');
INSERT INTO `typecredit` VALUES ('8', '84', 'CCT CONSO');
INSERT INTO `typecredit` VALUES ('9', '180', 'CLT IMMO');

-- ----------------------------
-- Table structure for `type_oper`
-- ----------------------------
DROP TABLE IF EXISTS `type_oper`;
CREATE TABLE `type_oper` (
  `TYPEOPERID` int(11) NOT NULL AUTO_INCREMENT,
  `TYPE_OPER_DESC` varchar(255) DEFAULT NULL,
  PRIMARY KEY (`TYPEOPERID`)
) ENGINE=InnoDB AUTO_INCREMENT=7 DEFAULT CHARSET=utf8;

-- ----------------------------
-- Records of type_oper
-- ----------------------------
INSERT INTO `type_oper` VALUES ('1', 'CONNEXION');
INSERT INTO `type_oper` VALUES ('2', 'DECONNEXION');
INSERT INTO `type_oper` VALUES ('3', 'DEMANDES');
INSERT INTO `type_oper` VALUES ('4', 'SUIVI DES DEMANDES');
INSERT INTO `type_oper` VALUES ('5', 'EDITION ETATS ');
INSERT INTO `type_oper` VALUES ('6', 'CHANGEMENT DE MOT DE PASSE');

-- ----------------------------
-- Table structure for `utilisateurs`
-- ----------------------------
DROP TABLE IF EXISTS `utilisateurs`;
CREATE TABLE `utilisateurs` (
  `IDUSER` int(11) NOT NULL AUTO_INCREMENT,
  `LOGINUSER` varchar(255) DEFAULT NULL,
  `NOMUSER` varchar(255) DEFAULT NULL,
  `PWDUSER` varchar(255) DEFAULT NULL,
  `PROFIL_ID` int(11) DEFAULT NULL,
  PRIMARY KEY (`IDUSER`),
  KEY `FK_utilisateurs_PROFIL_ID` (`PROFIL_ID`),
  CONSTRAINT `FK_utilisateurs_PROFIL_ID` FOREIGN KEY (`PROFIL_ID`) REFERENCES `profil` (`PROFIL_ID`)
) ENGINE=InnoDB AUTO_INCREMENT=3 DEFAULT CHARSET=utf8;

-- ----------------------------
-- Records of utilisateurs
-- ----------------------------
INSERT INTO `utilisateurs` VALUES ('1', 'SENA', 'senaya', '3CC947DE565D04695D36A87B2E367E064915AC859D0182455B0C849E90D1267F', '1');
INSERT INTO `utilisateurs` VALUES ('2', 'ADMINSYS', 'Administrateur', '8685A09E4ABB4175E0E724FC48EA6BA44CB1666A4042F6274B46143E3B56B005', '2');
